group	x	y	showSelected1
1	40330	24	1611
1	40330	24	1862
1	40330	24	350
1	40330	24	522
1	40330	24	1042
1	40330	24	1399
2	40380	24	522
2	40380	24	464
2	40380	24	1435
2	40380	24	1210
2	40380	24	350
2	40380	24	1436
2	40380	24	1399
2	40380	24	1654
2	40380	24	964
2	40380	24	1401
2	40380	24	358
2	40380	24	1414
2	40380	24	1000
2	40380	24	1019
2	40380	24	1018
3	40380	74	464
3	40380	74	1976
3	40380	74	151
6	40430	74	151
6	40430	74	464
6	40430	74	1771
6	40430	74	1471
6	40430	74	1170
6	40430	74	239
6	40430	74	1526
5	40430	124	151
5	40430	124	1471
5	40430	124	1031
5	40430	124	239
8	40480	124	1031
8	40480	124	485
8	40480	124	360
8	40480	124	1471
8	40480	124	171
8	40480	124	239
9	40480	174	360
9	40480	174	171
9	40480	174	485
13	40530	174	171
13	40530	174	590
13	40530	174	485
13	40530	174	665
13	40530	174	216
13	40530	174	1736
13	40530	174	928
14	40530	224	171
14	40530	224	590
14	40530	224	248
19	40580	224	248
19	40580	224	171
19	40580	224	590
19	40580	224	1586
19	40580	224	1153
19	40580	224	93
19	40580	224	1442
19	40580	224	1578
19	40580	224	344
20	40580	274	248
20	40580	274	1565
20	40580	274	1586
20	40580	274	119
26	40630	274	1565
26	40630	274	1564
26	40630	274	119
26	40630	274	248
26	40630	274	1586
26	40630	274	93
26	40630	274	412
26	40630	274	272
26	40630	274	1172
26	40630	274	22
26	40630	274	865
26	40630	274	481
27	40630	324	1564
27	40630	324	119
27	40630	324	1903
27	40630	324	412
27	40630	324	1875
34	40680	324	1875
34	40680	324	444
34	40680	324	412
34	40680	324	47
34	40680	324	1873
34	40680	324	445
34	40680	324	272
34	40680	324	1520
35	40680	374	444
35	40680	374	47
35	40680	374	1518
35	40680	374	1807
35	40680	374	445
43	40730	374	1807
43	40730	374	47
43	40730	374	1806
43	40730	374	598
43	40730	374	929
43	40730	374	1068
43	40730	374	445
43	40730	374	487
43	40730	374	457
43	40730	374	621
43	40730	374	384
43	40730	374	1755
44	40730	424	47
44	40730	424	598
44	40730	424	929
44	40730	424	487
53	40780	424	487
53	40780	424	335
53	40780	424	474
53	40780	424	1409
53	40780	424	205
53	40780	424	1008
53	40780	424	457
53	40780	424	1473
54	40780	474	474
54	40780	474	1409
54	40780	474	205
64	40830	474	205
64	40830	474	1409
64	40830	474	244
64	40830	474	1455
64	40830	474	128
64	40830	474	875
66	40830	524	205
66	40830	524	244
66	40830	524	233
66	40830	524	854
77	40880	524	233
77	40880	524	172
77	40880	524	244
77	40880	524	854
77	40880	524	419
77	40880	524	1379
77	40880	524	1307
78	40880	574	172
78	40880	574	156
78	40880	574	635
78	40880	574	1500
78	40880	574	1379
90	40930	574	156
90	40930	574	635
90	40930	574	305
90	40930	574	97
90	40930	574	1500
90	40930	574	133
90	40930	574	172
90	40930	574	1379
90	40930	574	1707
90	40930	574	909
91	40930	624	97
91	40930	624	1033
91	40930	624	133
91	40930	624	559
104	40980	624	559
104	40980	624	133
104	40980	624	363
104	40980	624	1323
104	40980	624	97
104	40980	624	124
104	40980	624	268
104	40980	624	1985
105	40980	674	133
105	40980	674	363
105	40980	674	1323
105	40980	674	301
119	41030	674	363
119	41030	674	301
119	41030	674	600
119	41030	674	1664
119	41030	674	1888
119	41030	674	968
120	41030	724	1664
120	41030	724	600
120	41030	724	1558
120	41030	724	32
120	41030	724	301
135	41080	724	600
135	41080	724	32
135	41080	724	1231
135	41080	724	1558
135	41080	724	1560
135	41080	724	1462
135	41080	724	166
135	41080	724	1252
135	41080	724	480
135	41080	724	168
136	41080	774	1231
136	41080	774	32
136	41080	774	166
136	41080	774	295
136	41080	774	1462
136	41080	774	1533
152	41130	774	295
152	41130	774	264
152	41130	774	436
152	41130	774	1115
152	41130	774	166
152	41130	774	1253
152	41130	774	1533
152	41130	774	168
152	41130	774	207
152	41130	774	114
152	41130	774	1617
152	41130	774	32
153	41130	824	436
153	41130	824	264
153	41130	824	114
153	41130	824	1364
153	41130	824	1253
170	41180	824	114
170	41180	824	414
170	41180	824	385
170	41180	824	264
170	41180	824	1826
170	41180	824	773
170	41180	824	497
170	41180	824	672
170	41180	824	36
170	41180	824	207
170	41180	824	1232
171	41180	874	414
171	41180	874	938
171	41180	874	1537
171	41180	874	509
171	41180	874	497
171	41180	874	385
171	41180	874	773
189	41230	874	509
189	41230	874	497
189	41230	874	610
189	41230	874	1849
189	41230	874	1137
189	41230	874	139
189	41230	874	107
189	41230	874	597
189	41230	874	1957
189	41230	874	1659
189	41230	874	214
190	41230	924	509
190	41230	924	610
190	41230	924	1849
190	41230	924	139
190	41230	924	479
190	41230	924	597
209	41280	924	139
209	41280	924	479
209	41280	924	1507
209	41280	924	18
209	41280	924	1359
209	41280	924	1944
209	41280	924	178
209	41280	924	610
209	41280	924	1485
209	41280	924	618
209	41280	924	957
209	41280	924	1342
209	41280	924	1063
209	41280	924	597
209	41280	924	1990
209	41280	924	1340
209	41280	924	1689
209	41280	924	365
209	41280	924	925
209	41280	924	811
209	41280	924	113
209	41280	924	1502
209	41280	924	701
210	41280	974	18
210	41280	974	618
210	41280	974	1098
210	41280	974	178
210	41280	974	1063
231	41330	974	618
231	41330	974	18
231	41330	974	303
231	41330	974	527
231	41330	974	420
231	41330	974	1717
231	41330	974	375
231	41330	974	1098
231	41330	974	113
231	41330	974	1689
231	41330	974	972
231	41330	974	642
231	41330	974	1198
231	41330	974	45
231	41330	974	1277
231	41330	974	1054
213	41330	1024	1717
213	41330	1024	420
213	41330	1024	375
4	40430	24	464
4	40430	24	358
4	40430	24	1000
4	40430	24	1018
4	40430	24	1848
4	40430	24	330
4	40430	24	1519
4	40430	24	782
4	40430	24	1943
4	40430	24	472
4	40430	24	1778
4	40430	24	783
4	40430	24	682
4	40430	24	1103
10	40480	74	239
10	40480	74	1471
10	40480	74	151
10	40480	74	464
10	40480	74	1526
10	40480	74	485
10	40480	74	651
10	40480	74	812
12	40530	124	171
12	40530	124	485
12	40530	124	216
12	40530	124	665
12	40530	124	1031
12	40530	124	1913
12	40530	124	928
12	40530	124	239
12	40530	124	1479
12	40530	124	1264
18	40580	174	590
18	40580	174	171
18	40580	174	1153
18	40580	174	665
18	40580	174	1182
18	40580	174	1586
18	40580	174	344
18	40580	174	1736
18	40580	174	237
18	40580	174	1005
18	40580	174	1981
18	40580	174	22
25	40630	224	93
25	40630	224	1586
25	40630	224	1578
25	40630	224	576
25	40630	224	344
25	40630	224	865
25	40630	224	1515
25	40630	224	22
25	40630	224	1579
25	40630	224	675
33	40680	274	412
33	40680	274	272
33	40680	274	1172
33	40680	274	1353
33	40680	274	481
33	40680	274	47
33	40680	274	22
33	40680	274	865
33	40680	274	936
33	40680	274	170
42	40730	324	445
42	40730	324	47
42	40730	324	384
42	40730	324	1809
42	40730	324	1755
42	40730	324	1520
42	40730	324	598
42	40730	324	680
42	40730	324	831
42	40730	324	286
42	40730	324	334
52	40780	374	487
52	40780	374	457
52	40780	374	598
52	40780	374	621
52	40780	374	1008
52	40780	374	1473
52	40780	374	1509
52	40780	374	1541
52	40780	374	347
52	40780	374	1254
63	40830	424	205
63	40830	424	1409
63	40830	424	335
63	40830	424	1458
63	40830	424	487
63	40830	424	347
63	40830	424	800
63	40830	424	1601
63	40830	424	981
75	40880	474	244
75	40880	474	205
75	40880	474	128
75	40880	474	875
75	40880	474	419
75	40880	474	854
75	40880	474	233
75	40880	474	1962
75	40880	474	1891
75	40880	474	1307
75	40880	474	1868
75	40880	474	1765
89	40930	524	1379
89	40930	524	172
89	40930	524	635
89	40930	524	419
89	40930	524	909
89	40930	524	1307
89	40930	524	305
89	40930	524	1464
103	40980	574	97
103	40980	574	133
103	40980	574	1707
103	40980	574	268
103	40980	574	927
103	40980	574	1257
103	40980	574	124
103	40980	574	305
103	40980	574	1034
118	41030	624	363
118	41030	624	1323
118	41030	624	1021
118	41030	624	301
118	41030	624	133
118	41030	624	124
118	41030	624	968
118	41030	624	1597
118	41030	624	1985
118	41030	624	600
118	41030	624	55
118	41030	624	1333
134	41080	674	301
134	41080	674	600
134	41080	674	1558
134	41080	674	728
134	41080	674	32
134	41080	674	1888
134	41080	674	1821
134	41080	674	480
134	41080	674	84
134	41080	674	1984
134	41080	674	364
151	41130	724	166
151	41130	724	168
151	41130	724	32
151	41130	724	480
151	41130	724	294
151	41130	724	264
151	41130	724	207
151	41130	724	1869
151	41130	724	1969
169	41180	774	264
169	41180	774	114
169	41180	774	207
169	41180	774	36
169	41180	774	1232
169	41180	774	1427
169	41180	774	1617
169	41180	774	168
169	41180	774	1616
169	41180	774	88
169	41180	774	1646
188	41230	824	497
188	41230	824	773
188	41230	824	1659
188	41230	824	107
188	41230	824	385
188	41230	824	768
188	41230	824	672
188	41230	824	114
188	41230	824	1713
188	41230	824	406
188	41230	824	1548
188	41230	824	1640
188	41230	824	36
208	41280	874	139
208	41280	874	1957
208	41280	874	811
208	41280	874	214
208	41280	874	925
208	41280	874	107
208	41280	874	701
208	41280	874	1851
208	41280	874	1301
208	41280	874	1853
208	41280	874	194
208	41280	874	150
208	41280	874	1358
230	41330	924	18
230	41330	924	1689
230	41330	924	113
230	41330	924	178
230	41330	924	365
230	41330	924	1198
230	41330	924	139
230	41330	924	642
230	41330	924	1917
230	41330	924	45
230	41330	924	1686
230	41330	924	691
230	41330	924	1715
230	41330	924	388
230	41330	924	914
230	41330	924	1341
230	41330	924	1691
230	41330	924	1687
251	41380	974	375
251	41380	974	596
251	41380	974	972
251	41380	974	420
251	41380	974	1277
251	41380	974	45
251	41380	974	1054
251	41380	974	642
251	41380	974	1191
7	40480	24	464
7	40480	24	1526
7	40480	24	651
7	40480	24	682
7	40480	24	339
7	40480	24	317
7	40480	24	1566
7	40480	24	435
7	40480	24	297
7	40480	24	382
17	40580	124	665
17	40580	124	928
17	40580	124	1264
17	40580	124	237
17	40580	124	1981
17	40580	124	239
17	40580	124	546
32	40680	224	22
32	40680	224	865
32	40680	224	93
32	40680	224	675
32	40680	224	481
32	40680	224	170
32	40680	224	1588
32	40680	224	891
32	40680	224	950
51	40780	324	598
51	40780	324	384
51	40780	324	47
51	40780	324	831
51	40780	324	1541
51	40780	324	347
51	40780	324	334
51	40780	324	286
74	40880	424	205
74	40880	424	487
74	40880	424	128
74	40880	424	1891
74	40880	424	1090
74	40880	424	800
74	40880	424	419
74	40880	424	1765
74	40880	424	981
74	40880	424	347
74	40880	424	1144
102	40980	524	305
102	40980	524	97
102	40980	524	909
102	40980	524	635
102	40980	524	1464
102	40980	524	1034
102	40980	524	172
102	40980	524	419
102	40980	524	927
102	40980	524	971
102	40980	524	1321
102	40980	524	87
133	41080	624	301
133	41080	624	600
133	41080	624	55
133	41080	624	84
133	41080	624	124
133	41080	624	1984
133	41080	624	1333
133	41080	624	364
133	41080	624	189
133	41080	624	1173
168	41180	724	168
168	41180	724	264
168	41180	724	1616
168	41180	724	32
168	41180	724	207
168	41180	724	582
168	41180	724	88
168	41180	724	1869
168	41180	724	751
168	41180	724	36
168	41180	724	1646
168	41180	724	1969
168	41180	724	1844
168	41180	724	1642
168	41180	724	1058
168	41180	724	742
168	41180	724	1496
168	41180	724	1028
168	41180	724	424
207	41280	824	107
207	41280	824	139
207	41280	824	1301
207	41280	824	768
207	41280	824	194
207	41280	824	231
207	41280	824	150
207	41280	824	1511
207	41280	824	1548
207	41280	824	36
207	41280	824	1358
207	41280	824	1200
207	41280	824	1559
250	41380	924	45
250	41380	924	1054
250	41380	924	113
250	41380	924	388
250	41380	924	1191
250	41380	924	1276
250	41380	924	1691
250	41380	924	126
250	41380	924	691
250	41380	924	1030
250	41380	924	249
250	41380	924	1910
250	41380	924	1687
250	41380	924	844
250	41380	924	1690
250	41380	924	648
250	41380	924	1393
250	41380	924	511
250	41380	924	1598
250	41380	924	1666
15	40530	74	485
15	40530	74	239
15	40530	74	1479
15	40530	74	812
15	40530	74	651
15	40530	74	1930
15	40530	74	1264
24	40630	174	344
24	40630	174	1182
24	40630	174	1586
24	40630	174	1005
24	40630	174	636
24	40630	174	22
24	40630	174	237
24	40630	174	1850
24	40630	174	247
24	40630	174	1577
41	40730	274	47
41	40730	274	412
41	40730	274	680
41	40730	274	286
41	40730	274	936
41	40730	274	170
41	40730	274	481
41	40730	274	334
41	40730	274	803
62	40830	374	487
62	40830	374	335
62	40830	374	1509
62	40830	374	347
62	40830	374	1254
62	40830	374	1601
62	40830	374	1966
62	40830	374	800
62	40830	374	981
62	40830	374	21
87	40930	474	1307
87	40930	474	419
87	40930	474	172
87	40930	474	1868
87	40930	474	305
87	40930	474	1765
87	40930	474	971
117	41030	574	124
117	41030	574	1985
117	41030	574	268
117	41030	574	1316
117	41030	574	1854
117	41030	574	1333
117	41030	574	55
117	41030	574	927
117	41030	574	1034
117	41030	574	1376
117	41030	574	87
117	41030	574	519
150	41130	674	32
150	41130	674	480
150	41130	674	600
150	41130	674	84
150	41130	674	1297
150	41130	674	168
150	41130	674	364
150	41130	674	1969
150	41130	674	1887
150	41130	674	1467
150	41130	674	471
150	41130	674	944
187	41230	774	114
187	41230	774	406
187	41230	774	36
187	41230	774	773
187	41230	774	1640
187	41230	774	207
187	41230	774	1646
187	41230	774	1548
187	41230	774	1549
187	41230	774	1632
229	41330	874	139
229	41330	874	691
229	41330	874	178
229	41330	874	1853
229	41330	874	1341
229	41330	874	113
229	41330	874	1358
229	41330	874	1687
229	41330	874	1346
229	41330	874	984
229	41330	874	1905
229	41330	874	844
229	41330	874	1196
229	41330	874	1996
229	41330	874	1112
229	41330	874	231
229	41330	874	1823
229	41330	874	43
11	40530	24	651
11	40530	24	464
11	40530	24	812
11	40530	24	317
11	40530	24	297
11	40530	24	318
11	40530	24	382
11	40530	24	418
11	40530	24	532
11	40530	24	1828
11	40530	24	1322
21	40580	74	239
21	40580	74	1264
21	40580	74	1930
21	40580	74	1981
21	40580	74	651
21	40580	74	877
21	40580	74	546
21	40580	74	1465
21	40580	74	1804
21	40580	74	793
23	40630	124	237
23	40630	124	22
23	40630	124	1981
23	40630	124	247
23	40630	124	546
23	40630	124	1111
23	40630	124	1577
23	40630	124	1056
23	40630	124	1215
31	40680	174	22
31	40680	174	1850
31	40680	174	891
31	40680	174	260
31	40680	174	693
31	40680	174	1577
31	40680	174	950
31	40680	174	1721
31	40680	174	247
31	40680	174	632
31	40680	174	1365
40	40730	224	170
40	40730	224	481
40	40730	224	1588
40	40730	224	950
40	40730	224	334
40	40730	224	260
40	40730	224	1955
50	40780	274	286
50	40780	274	334
50	40780	274	598
50	40780	274	803
50	40780	274	1248
50	40780	274	644
50	40780	274	407
50	40780	274	1075
50	40780	274	880
61	40830	324	347
61	40830	324	1541
61	40830	324	487
61	40830	324	21
61	40830	324	598
61	40830	324	1893
61	40830	324	1797
61	40830	324	334
73	40880	374	981
73	40880	374	347
73	40880	374	1966
73	40880	374	487
73	40880	374	1653
73	40880	374	1230
73	40880	374	21
73	40880	374	838
73	40880	374	533
86	40930	424	419
86	40930	424	1765
86	40930	424	6
86	40930	424	487
86	40930	424	1144
86	40930	424	1423
86	40930	424	838
86	40930	424	1801
100	40980	474	971
100	40980	474	305
100	40980	474	419
100	40980	474	1321
100	40980	474	1139
100	40980	474	718
100	40980	474	758
116	41030	524	927
116	41030	524	1034
116	41030	524	305
116	41030	524	87
116	41030	524	519
116	41030	524	1907
116	41030	524	978
116	41030	524	79
132	41080	574	55
132	41080	574	1333
132	41080	574	1376
132	41080	574	87
132	41080	574	1404
132	41080	574	1173
132	41080	574	519
132	41080	574	1001
132	41080	574	1907
132	41080	574	331
132	41080	574	189
132	41080	574	820
149	41130	624	600
149	41130	624	364
149	41130	624	189
149	41130	624	1121
149	41130	624	84
149	41130	624	1820
149	41130	624	471
149	41130	624	55
149	41130	624	13
149	41130	624	1174
167	41180	674	1969
167	41180	674	168
167	41180	674	207
167	41180	674	84
167	41180	674	1642
167	41180	674	742
167	41180	674	933
167	41180	674	1887
167	41180	674	1467
167	41180	674	944
167	41180	674	1187
167	41180	674	600
167	41180	674	471
167	41180	674	424
167	41180	674	88
167	41180	674	13
167	41180	674	309
167	41180	674	1193
167	41180	674	1652
167	41180	674	211
186	41230	724	1646
186	41230	724	36
186	41230	724	88
186	41230	724	751
186	41230	724	114
186	41230	724	1028
186	41230	724	1058
186	41230	724	424
186	41230	724	1305
186	41230	724	315
186	41230	724	1299
186	41230	724	770
186	41230	724	391
186	41230	724	1265
186	41230	724	1266
186	41230	724	54
206	41280	774	36
206	41280	774	768
206	41280	774	1548
206	41280	774	194
206	41280	774	773
206	41280	774	1466
206	41280	774	231
206	41280	774	1559
206	41280	774	1632
206	41280	774	1310
206	41280	774	570
206	41280	774	73
206	41280	774	9
228	41330	824	139
228	41330	824	1358
228	41330	824	1196
228	41330	824	150
228	41330	824	691
228	41330	824	1112
228	41330	824	1200
228	41330	824	231
228	41330	824	1922
228	41330	824	1823
228	41330	824	671
228	41330	824	43
228	41330	824	1830
228	41330	824	73
228	41330	824	1861
228	41330	824	1773
228	41330	824	1444
249	41380	874	1687
249	41380	874	691
249	41380	874	844
249	41380	874	1690
249	41380	874	249
249	41380	874	984
249	41380	874	1434
249	41380	874	1393
249	41380	874	231
249	41380	874	1995
249	41380	874	126
249	41380	874	608
249	41380	874	1598
249	41380	874	695
249	41380	874	43
249	41380	874	1022
249	41380	874	380
249	41380	874	282
249	41380	874	1296
249	41380	874	543
249	41380	874	762
270	41430	924	126
270	41430	924	648
270	41430	924	1666
270	41430	924	249
270	41430	924	750
16	40580	24	651
16	40580	24	877
16	40580	24	532
16	40580	24	1804
16	40580	24	317
16	40580	24	793
16	40580	24	83
16	40580	24	942
16	40580	24	1091
16	40580	24	992
16	40580	24	1417
30	40680	124	247
30	40680	124	1577
30	40680	124	22
30	40680	124	260
30	40680	124	237
30	40680	124	1056
30	40680	124	632
30	40680	124	1215
30	40680	124	443
30	40680	124	1286
49	40780	224	334
49	40780	224	407
49	40780	224	170
49	40780	224	1248
49	40780	224	1221
49	40780	224	880
49	40780	224	1680
49	40780	224	1547
49	40780	224	1391
49	40780	224	1679
49	40780	224	260
49	40780	224	1895
49	40780	224	193
72	40880	324	21
72	40880	324	347
72	40880	324	533
72	40880	324	334
72	40880	324	1795
72	40880	324	965
72	40880	324	1650
72	40880	324	1100
72	40880	324	451
99	40980	424	419
99	40980	424	718
99	40980	424	6
99	40980	424	758
99	40980	424	586
99	40980	424	1730
99	40980	424	487
99	40980	424	1768
99	40980	424	153
131	41080	524	1907
131	41080	524	519
131	41080	524	87
131	41080	524	1057
131	41080	524	1059
131	41080	524	978
131	41080	524	820
131	41080	524	1561
131	41080	524	189
131	41080	524	79
166	41180	624	471
166	41180	624	944
166	41180	624	207
166	41180	624	13
166	41180	624	1799
166	41180	624	66
166	41180	624	88
166	41180	624	309
166	41180	624	1652
166	41180	624	211
166	41180	624	504
166	41180	624	181
166	41180	624	1838
166	41180	624	563
166	41180	624	976
166	41180	624	1825
205	41280	724	36
205	41280	724	114
205	41280	724	1305
205	41280	724	1632
205	41280	724	770
205	41280	724	1677
205	41280	724	315
205	41280	724	570
205	41280	724	1265
205	41280	724	9
205	41280	724	73
205	41280	724	1266
205	41280	724	54
205	41280	724	391
205	41280	724	515
205	41280	724	541
248	41380	824	43
248	41380	824	1022
248	41380	824	231
248	41380	824	1861
248	41380	824	266
248	41380	824	1296
248	41380	824	1476
248	41380	824	543
248	41380	824	1530
248	41380	824	762
248	41380	824	499
248	41380	824	818
248	41380	824	1712
248	41380	824	1203
248	41380	824	1695
248	41380	824	123
248	41380	824	985
248	41380	824	987
28	40630	74	546
28	40630	74	1981
28	40630	74	1264
28	40630	74	247
28	40630	74	1804
28	40630	74	1215
28	40630	74	793
28	40630	74	146
28	40630	74	198
28	40630	74	443
39	40730	174	950
39	40730	174	260
39	40730	174	632
39	40730	174	170
39	40730	174	1365
39	40730	174	649
60	40830	274	334
60	40830	274	598
60	40830	274	1893
60	40830	274	1877
60	40830	274	644
60	40830	274	407
60	40830	274	1534
85	40930	374	838
85	40930	374	487
85	40930	374	1653
85	40930	374	1423
85	40930	374	347
85	40930	374	1801
85	40930	374	533
85	40930	374	21
85	40930	374	6
85	40930	374	37
85	40930	374	1967
85	40930	374	1768
85	40930	374	243
114	41030	474	305
114	41030	474	1139
114	41030	474	927
114	41030	474	978
114	41030	474	79
114	41030	474	718
114	41030	474	153
148	41130	574	55
148	41130	574	189
148	41130	574	1121
148	41130	574	13
148	41130	574	331
148	41130	574	1174
148	41130	574	87
148	41130	574	1915
148	41130	574	549
148	41130	574	181
148	41130	574	229
185	41230	674	88
185	41230	674	424
185	41230	674	315
185	41230	674	207
185	41230	674	309
185	41230	674	1299
185	41230	674	1745
185	41230	674	391
185	41230	674	54
185	41230	674	211
185	41230	674	448
185	41230	674	267
185	41230	674	1266
185	41230	674	1504
185	41230	674	236
185	41230	674	1812
185	41230	674	1688
227	41330	774	231
227	41330	774	671
227	41330	774	1310
227	41330	774	570
227	41330	774	73
227	41330	774	734
227	41330	774	1444
227	41330	774	1470
227	41330	774	9
227	41330	774	1937
227	41330	774	679
227	41330	774	137
269	41430	874	249
269	41430	874	1598
269	41430	874	126
269	41430	874	282
269	41430	874	750
269	41430	874	611
269	41430	874	380
269	41430	874	543
269	41430	874	772
269	41430	874	1064
269	41430	874	762
269	41430	874	884
269	41430	874	155
269	41430	874	959
269	41430	874	1274
269	41430	874	431
269	41430	874	473
269	41430	874	745
269	41430	874	1726
269	41430	874	923
22	40630	24	793
22	40630	24	1804
22	40630	24	1408
22	40630	24	992
22	40630	24	131
22	40630	24	732
22	40630	24	198
22	40630	24	1091
22	40630	24	146
22	40630	24	942
22	40630	24	317
22	40630	24	1417
22	40630	24	443
22	40630	24	1899
22	40630	24	359
22	40630	24	1945
36	40680	74	1215
36	40680	74	247
36	40680	74	443
36	40680	74	673
36	40680	74	1720
36	40680	74	201
36	40680	74	859
38	40730	124	632
38	40730	124	260
38	40730	124	443
38	40730	124	1719
38	40730	124	649
38	40730	124	1286
38	40730	124	1215
48	40780	174	170
48	40780	174	260
48	40780	174	632
48	40780	174	1895
48	40780	174	1140
48	40780	174	62
48	40780	174	498
48	40780	174	707
48	40780	174	193
48	40780	174	355
59	40830	224	407
59	40830	224	334
59	40830	224	170
59	40830	224	193
59	40830	224	355
59	40830	224	29
59	40830	224	1482
59	40830	224	752
59	40830	224	1506
59	40830	224	1361
71	40880	274	334
71	40880	274	21
71	40880	274	1100
71	40880	274	1534
71	40880	274	982
71	40880	274	451
71	40880	274	965
71	40880	274	1737
71	40880	274	1964
71	40880	274	29
84	40930	324	21
84	40930	324	37
84	40930	324	965
84	40930	324	1650
84	40930	324	487
84	40930	324	1967
84	40930	324	451
84	40930	324	1453
84	40930	324	1829
84	40930	324	243
98	40980	374	6
98	40980	374	487
98	40980	374	1801
98	40980	374	1768
98	40980	374	586
98	40980	374	1967
98	40980	374	243
98	40980	374	153
98	40980	374	405
98	40980	374	220
98	40980	374	710
98	40980	374	449
113	41030	424	718
113	41030	424	6
113	41030	424	305
113	41030	424	153
113	41030	424	978
113	41030	424	220
113	41030	424	1639
113	41030	424	243
129	41080	474	978
129	41080	474	1561
129	41080	474	79
129	41080	474	87
129	41080	474	1940
129	41080	474	153
129	41080	474	735
129	41080	474	413
147	41130	524	189
147	41130	524	87
147	41130	524	820
147	41130	524	549
147	41130	524	1146
147	41130	524	1786
147	41130	524	229
147	41130	524	79
147	41130	524	1113
147	41130	524	1242
165	41180	574	13
165	41180	574	1174
165	41180	574	504
165	41180	574	181
165	41180	574	189
165	41180	574	563
165	41180	574	229
165	41180	574	1825
165	41180	574	1863
165	41180	574	976
165	41180	574	27
184	41230	624	211
184	41230	624	88
184	41230	624	1838
184	41230	624	1437
184	41230	624	236
184	41230	624	1812
184	41230	624	125
184	41230	624	13
184	41230	624	1860
184	41230	624	976
184	41230	624	1354
184	41230	624	1688
184	41230	624	1825
184	41230	624	1199
184	41230	624	970
184	41230	624	1225
184	41230	624	1165
184	41230	624	1532
204	41280	674	1266
204	41280	674	54
204	41280	674	1920
204	41280	674	956
204	41280	674	88
204	41280	674	515
204	41280	674	716
204	41280	674	236
204	41280	674	541
204	41280	674	265
204	41280	674	1946
204	41280	674	540
204	41280	674	1540
204	41280	674	676
204	41280	674	869
204	41280	674	1175
204	41280	674	658
204	41280	674	176
204	41280	674	1545
204	41280	674	1543
226	41330	724	9
226	41330	724	73
226	41330	724	570
226	41330	724	679
226	41330	724	541
226	41330	724	137
226	41330	724	1015
226	41330	724	54
226	41330	724	1599
226	41330	724	684
226	41330	724	554
226	41330	724	1290
226	41330	724	1087
247	41380	774	231
247	41380	774	1937
247	41380	774	499
247	41380	774	1695
247	41380	774	137
247	41380	774	679
247	41380	774	987
247	41380	774	123
247	41380	774	9
247	41380	774	645
247	41380	774	186
247	41380	774	462
247	41380	774	1097
247	41380	774	271
247	41380	774	1729
247	41380	774	1992
268	41430	824	762
268	41430	824	543
268	41430	824	126
268	41430	824	43
268	41430	824	123
268	41430	824	155
268	41430	824	985
268	41430	824	959
268	41430	824	473
268	41430	824	1203
268	41430	824	1395
268	41430	824	431
268	41430	824	745
268	41430	824	893
268	41430	824	923
268	41430	824	645
268	41430	824	1011
268	41430	824	462
268	41430	824	1478
268	41430	824	1748
268	41430	824	1870
268	41430	824	1142
268	41430	824	152
268	41430	824	1216
268	41430	824	1214
288	41480	874	772
288	41480	874	126
288	41480	874	473
288	41480	874	431
288	41480	874	1726
288	41480	874	923
288	41480	874	747
288	41480	874	1335
288	41480	874	56
29	40680	24	443
29	40680	24	673
29	40680	24	198
29	40680	24	942
29	40680	24	1899
29	40680	24	359
29	40680	24	1945
29	40680	24	915
29	40680	24	1143
29	40680	24	859
29	40680	24	74
29	40680	24	1249
47	40780	124	632
47	40780	124	62
47	40780	124	649
47	40780	124	89
47	40780	124	1637
47	40780	124	80
47	40780	124	1676
47	40780	124	1208
70	40880	224	334
70	40880	224	29
70	40880	224	451
70	40880	224	407
70	40880	224	752
70	40880	224	1004
70	40880	224	1131
70	40880	224	1361
70	40880	224	1439
70	40880	224	80
70	40880	224	1781
70	40880	224	1958
70	40880	224	85
97	40980	324	487
97	40980	324	243
97	40980	324	405
97	40980	324	1453
97	40980	324	631
97	40980	324	449
97	40980	324	28
128	41080	424	153
128	41080	424	978
128	41080	424	1639
128	41080	424	79
128	41080	424	735
128	41080	424	220
128	41080	424	1701
128	41080	424	243
128	41080	424	413
128	41080	424	1093
128	41080	424	657
128	41080	424	1317
164	41180	524	229
164	41180	524	549
164	41180	524	181
164	41180	524	1205
164	41180	524	1728
164	41180	524	1441
164	41180	524	87
164	41180	524	1949
164	41180	524	1159
164	41180	524	1110
203	41280	624	236
203	41280	624	1688
203	41280	624	1946
203	41280	624	970
203	41280	624	1818
203	41280	624	54
203	41280	624	540
203	41280	624	125
203	41280	624	1532
203	41280	624	676
203	41280	624	176
203	41280	624	869
203	41280	624	1545
203	41280	624	13
203	41280	624	1543
203	41280	624	832
203	41280	624	1626
203	41280	624	1055
203	41280	624	42
203	41280	624	1126
246	41380	724	679
246	41380	724	137
246	41380	724	9
246	41380	724	839
246	41380	724	1992
246	41380	724	684
246	41380	724	215
246	41380	724	271
246	41380	724	116
246	41380	724	688
246	41380	724	381
246	41380	724	1649
246	41380	724	867
287	41480	824	923
287	41480	824	473
287	41480	824	1222
287	41480	824	155
287	41480	824	56
287	41480	824	152
287	41480	824	379
287	41480	824	1216
287	41480	824	94
287	41480	824	1214
287	41480	824	1049
287	41480	824	1629
287	41480	824	1669
287	41480	824	1152
287	41480	824	1396
287	41480	824	2
287	41480	824	1630
45	40730	74	443
45	40730	74	1215
45	40730	74	1286
45	40730	74	632
45	40730	74	1720
45	40730	74	201
45	40730	74	859
45	40730	74	1512
45	40730	74	526
58	40830	174	193
58	40830	174	355
58	40830	174	1432
58	40830	174	498
58	40830	174	62
58	40830	174	752
58	40830	174	1482
58	40830	174	1506
58	40830	174	80
58	40830	174	1361
58	40830	174	960
58	40830	174	894
58	40830	174	906
58	40830	174	888
83	40930	274	451
83	40930	274	965
83	40930	274	487
83	40930	274	37
83	40930	274	1737
83	40930	274	1829
83	40930	274	1453
83	40930	274	243
83	40930	274	513
112	41030	374	6
112	41030	374	153
112	41030	374	220
112	41030	374	243
112	41030	374	710
112	41030	374	449
112	41030	374	1855
112	41030	374	117
112	41030	374	28
145	41130	474	87
145	41130	474	1146
145	41130	474	1133
145	41130	474	1113
145	41130	474	79
145	41130	474	413
145	41130	474	1242
145	41130	474	220
145	41130	474	1805
145	41130	474	484
183	41230	574	13
183	41230	574	1825
183	41230	574	976
183	41230	574	1199
183	41230	574	27
183	41230	574	1348
183	41230	574	281
183	41230	574	1788
183	41230	574	229
183	41230	574	125
183	41230	574	280
183	41230	574	723
183	41230	574	1906
183	41230	574	799
183	41230	574	1800
183	41230	574	1308
183	41230	574	1684
183	41230	574	639
183	41230	574	287
225	41330	674	54
225	41330	674	515
225	41330	674	993
225	41330	674	265
225	41330	674	676
225	41330	674	9
225	41330	674	554
225	41330	674	1175
225	41330	674	1290
225	41330	674	1241
225	41330	674	658
225	41330	674	1941
225	41330	674	1545
225	41330	674	1087
225	41330	674	822
225	41330	674	176
225	41330	674	1325
225	41330	674	1543
225	41330	674	870
225	41330	674	1757
225	41330	674	1553
267	41430	774	123
267	41430	774	645
267	41430	774	462
267	41430	774	231
267	41430	774	1223
267	41430	774	186
267	41430	774	1011
267	41430	774	9
267	41430	774	215
267	41430	774	841
267	41430	774	1142
267	41430	774	1819
267	41430	774	893
267	41430	774	152
267	41430	774	271
267	41430	774	1418
267	41430	774	470
267	41430	774	2
267	41430	774	336
267	41430	774	102
37	40730	24	859
37	40730	24	201
37	40730	24	673
37	40730	24	526
37	40730	24	1899
37	40730	24	74
37	40730	24	443
37	40730	24	463
37	40730	24	1388
37	40730	24	668
37	40730	24	744
37	40730	24	1412
37	40730	24	1696
37	40730	24	967
37	40730	24	1738
37	40730	24	1150
37	40730	24	660
55	40780	74	632
55	40780	74	1676
55	40780	74	89
55	40780	74	443
55	40780	74	201
55	40780	74	1208
55	40780	74	528
57	40830	124	62
57	40830	124	80
57	40830	124	498
57	40830	124	89
57	40830	124	894
57	40830	124	888
57	40830	124	85
57	40830	124	1208
57	40830	124	1615
69	40880	174	752
69	40880	174	1361
69	40880	174	80
69	40880	174	960
69	40880	174	29
69	40880	174	906
69	40880	174	979
69	40880	174	786
69	40880	174	1958
69	40880	174	85
69	40880	174	834
82	40930	224	451
82	40930	224	29
82	40930	224	487
82	40930	224	1781
82	40930	224	1439
82	40930	224	513
82	40930	224	85
82	40930	224	1272
82	40930	224	1831
96	40980	274	243
96	40980	274	487
96	40980	274	503
96	40980	274	28
96	40980	274	631
96	40980	274	513
96	40980	274	1802
96	40980	274	357
96	40980	274	1651
111	41030	324	449
111	41030	324	405
111	41030	324	28
111	41030	324	1148
111	41030	324	631
111	41030	324	1847
111	41030	324	1406
111	41030	324	1048
127	41080	374	243
127	41080	374	1855
127	41080	374	449
127	41080	374	220
127	41080	374	153
127	41080	374	117
127	41080	374	657
127	41080	374	1072
127	41080	374	1535
144	41130	424	413
144	41130	424	153
144	41130	424	220
144	41130	424	430
144	41130	424	1317
144	41130	424	484
144	41130	424	1625
144	41130	424	988
144	41130	424	197
162	41180	474	1242
162	41180	474	87
162	41180	474	229
162	41180	474	1805
162	41180	474	1205
162	41180	474	220
162	41180	474	484
162	41180	474	670
162	41180	474	106
162	41180	474	1219
162	41180	474	628
182	41230	524	229
182	41230	524	27
182	41230	524	799
182	41230	524	1110
182	41230	524	1684
182	41230	524	1205
182	41230	524	287
182	41230	524	421
182	41230	524	1698
182	41230	524	1320
182	41230	524	955
182	41230	524	1574
202	41280	574	125
202	41280	574	1055
202	41280	574	13
202	41280	574	280
202	41280	574	1634
202	41280	574	832
202	41280	574	723
202	41280	574	27
202	41280	574	588
202	41280	574	287
202	41280	574	42
202	41280	574	1126
202	41280	574	1909
202	41280	574	1125
202	41280	574	302
202	41280	574	1858
202	41280	574	1007
224	41330	624	1543
224	41330	624	1545
224	41330	624	176
224	41330	624	676
224	41330	624	554
224	41330	624	1041
224	41330	624	42
224	41330	624	9
224	41330	624	1836
224	41330	624	1477
224	41330	624	873
224	41330	624	1570
224	41330	624	1125
224	41330	624	638
245	41380	674	9
245	41380	674	1087
245	41380	674	684
245	41380	674	1325
245	41380	674	688
245	41380	674	116
245	41380	674	867
245	41380	674	554
245	41380	674	1370
245	41380	674	1368
245	41380	674	35
245	41380	674	240
245	41380	674	59
245	41380	674	1155
266	41430	724	9
266	41430	724	271
266	41430	724	215
266	41430	724	381
266	41430	724	336
266	41430	724	102
266	41430	724	867
266	41430	724	1633
266	41430	724	664
266	41430	724	1400
266	41430	724	536
266	41430	724	766
286	41480	774	470
286	41480	774	152
286	41480	774	2
286	41480	774	1049
286	41480	774	215
286	41480	774	102
286	41480	774	56
286	41480	774	103
286	41480	774	1135
286	41480	774	1162
286	41480	774	1630
286	41480	774	336
286	41480	774	1250
286	41480	774	568
286	41480	774	823
286	41480	774	1872
286	41480	774	1551
286	41480	774	1751
286	41480	774	1490
286	41480	774	438
286	41480	774	1796
305	41530	824	94
305	41530	824	56
305	41530	824	3
305	41530	824	70
305	41530	824	1045
305	41530	824	46
305	41530	824	1154
46	40780	24	443
46	40780	24	89
46	40780	24	967
46	40780	24	1899
46	40780	24	528
46	40780	24	1150
46	40780	24	660
46	40780	24	1156
46	40780	24	1002
46	40780	24	801
46	40780	24	937
46	40780	24	1892
46	40780	24	1062
46	40780	24	1020
46	40780	24	1145
68	40880	124	80
68	40880	124	85
68	40880	124	906
68	40880	124	1615
68	40880	124	136
68	40880	124	89
68	40880	124	115
68	40880	124	1419
68	40880	124	1970
68	40880	124	1972
68	40880	124	1912
68	40880	124	1557
68	40880	124	324
95	40980	224	513
95	40980	224	487
95	40980	224	1651
95	40980	224	243
95	40980	224	1831
95	40980	224	357
95	40980	224	29
126	41080	324	449
126	41080	324	28
126	41080	324	117
126	41080	324	1048
126	41080	324	1852
126	41080	324	1663
161	41180	424	988
161	41180	424	484
161	41180	424	87
161	41180	424	1219
161	41180	424	220
161	41180	424	628
161	41180	424	197
161	41180	424	459
161	41180	424	106
161	41180	424	547
161	41180	424	219
161	41180	424	460
201	41280	524	27
201	41280	524	287
201	41280	524	1244
201	41280	524	1909
201	41280	524	1320
201	41280	524	1963
201	41280	524	847
201	41280	524	1027
201	41280	524	421
201	41280	524	588
201	41280	524	1858
201	41280	524	616
201	41280	524	450
201	41280	524	1700
201	41280	524	409
201	41280	524	1704
201	41280	524	910
201	41280	524	1741
201	41280	524	656
201	41280	524	1415
244	41380	624	9
244	41380	624	554
244	41380	624	35
244	41380	624	1570
244	41380	624	638
244	41380	624	1411
244	41380	624	1487
244	41380	624	59
244	41380	624	1155
244	41380	624	7
244	41380	624	1521
244	41380	624	316
244	41380	624	1038
244	41380	624	492
244	41380	624	809
244	41380	624	1742
285	41480	724	336
285	41480	724	102
285	41480	724	1647
285	41480	724	215
285	41480	724	103
285	41480	724	788
285	41480	724	1796
285	41480	724	1116
285	41480	724	1951
285	41480	724	623
285	41480	724	1619
285	41480	724	1594
285	41480	724	1618
285	41480	724	567
285	41480	724	447
285	41480	724	1624
285	41480	724	238
285	41480	724	1531
285	41480	724	1501
285	41480	724	1499
285	41480	724	71
285	41480	724	401
285	41480	724	75
65	40830	74	89
65	40830	74	80
65	40830	74	1208
65	40830	74	528
65	40830	74	1615
65	40830	74	337
65	40830	74	1970
65	40830	74	1452
65	40830	74	1557
65	40830	74	1085
81	40930	174	85
81	40930	174	29
81	40930	174	834
81	40930	174	1272
81	40930	174	1732
81	40930	174	115
81	40930	174	1419
81	40930	174	1916
81	40930	174	579
110	41030	274	28
110	41030	274	357
110	41030	274	1847
110	41030	274	243
110	41030	274	1406
110	41030	274	340
110	41030	274	1048
110	41030	274	449
110	41030	274	29
110	41030	274	273
110	41030	274	1894
143	41130	374	153
143	41130	374	220
143	41130	374	117
143	41130	374	197
143	41130	374	1535
143	41130	374	988
180	41230	474	1698
180	41230	474	229
180	41230	474	670
180	41230	474	1205
180	41230	474	955
180	41230	474	106
180	41230	474	421
180	41230	474	628
180	41230	474	1574
180	41230	474	27
180	41230	474	1699
180	41230	474	25
180	41230	474	307
223	41330	574	42
223	41330	574	1126
223	41330	574	1125
223	41330	574	588
223	41330	574	9
223	41330	574	302
223	41330	574	1382
223	41330	574	1998
223	41330	574	1811
223	41330	574	1007
223	41330	574	421
223	41330	574	1487
223	41330	574	1521
223	41330	574	120
223	41330	574	25
223	41330	574	935
223	41330	574	516
265	41430	674	664
265	41430	674	867
265	41430	674	9
265	41430	674	1368
265	41430	674	381
265	41430	674	102
265	41430	674	116
265	41430	674	1400
265	41430	674	536
265	41430	674	615
265	41430	674	240
265	41430	674	517
265	41430	674	59
265	41430	674	1155
265	41430	674	401
265	41430	674	766
265	41430	674	238
265	41430	674	626
265	41430	674	1843
304	41530	774	56
304	41530	774	1630
304	41530	774	1045
304	41530	774	70
304	41530	774	568
304	41530	774	523
304	41530	774	102
304	41530	774	3
304	41530	774	46
304	41530	774	438
304	41530	774	426
304	41530	774	1792
304	41530	774	1743
304	41530	774	1154
304	41530	774	1228
304	41530	774	130
304	41530	774	1881
304	41530	774	1178
304	41530	774	1300
304	41530	774	647
304	41530	774	1859
56	40830	24	528
56	40830	24	89
56	40830	24	337
56	40830	24	496
56	40830	24	1085
56	40830	24	1020
56	40830	24	1808
56	40830	24	1026
56	40830	24	256
76	40880	74	89
76	40880	74	1970
76	40880	74	1452
76	40880	74	1557
76	40880	74	1516
76	40880	74	324
76	40880	74	337
76	40880	74	629
76	40880	74	1081
76	40880	74	397
76	40880	74	210
76	40880	74	1901
80	40930	124	1419
80	40930	124	85
80	40930	124	115
80	40930	124	1912
80	40930	124	1916
80	40930	124	1303
80	40930	124	324
80	40930	124	1557
80	40930	124	579
80	40930	124	796
80	40930	124	1989
94	40980	174	29
94	40980	174	487
94	40980	174	115
94	40980	174	579
94	40980	174	746
94	40980	174	1440
109	41030	224	357
109	41030	224	243
109	41030	224	29
109	41030	224	273
109	41030	224	340
109	41030	224	1894
125	41080	274	449
125	41080	274	1048
125	41080	274	1406
125	41080	274	1371
125	41080	274	273
125	41080	274	995
125	41080	274	1971
125	41080	274	261
125	41080	274	29
142	41130	324	117
142	41130	324	1535
142	41130	324	1852
142	41130	324	220
142	41130	324	449
142	41130	324	1141
142	41130	324	234
142	41130	324	61
142	41130	324	368
160	41180	374	988
160	41180	374	197
160	41180	374	220
160	41180	374	547
160	41180	374	460
160	41180	374	1978
160	41180	374	246
160	41180	374	329
179	41230	424	106
179	41230	424	219
179	41230	424	1160
179	41230	424	1699
179	41230	424	460
179	41230	424	421
179	41230	424	25
179	41230	424	398
179	41230	424	246
199	41280	474	27
199	41280	474	421
199	41280	474	616
199	41280	474	450
199	41280	474	25
199	41280	474	910
199	41280	474	307
199	41280	474	656
199	41280	474	1415
199	41280	474	743
199	41280	474	510
199	41280	474	183
199	41280	474	106
222	41330	524	588
222	41330	524	421
222	41330	524	25
222	41330	524	409
222	41330	524	1374
222	41330	524	450
222	41330	524	1741
222	41330	524	353
222	41330	524	1415
222	41330	524	516
222	41330	524	183
222	41330	524	943
222	41330	524	4
243	41380	574	9
243	41380	574	1521
243	41380	574	1487
243	41380	574	120
243	41380	574	1742
243	41380	574	7
243	41380	574	25
243	41380	574	886
243	41380	574	1138
243	41380	574	516
243	41380	574	316
243	41380	574	1060
243	41380	574	1486
264	41430	624	1155
264	41430	624	59
264	41430	624	1038
264	41430	624	517
264	41430	624	35
264	41430	624	316
264	41430	624	1612
264	41430	624	626
264	41430	624	7
264	41430	624	1843
264	41430	624	640
264	41430	624	1283
264	41430	624	1236
264	41430	624	903
264	41430	624	494
284	41480	674	102
284	41480	674	1618
284	41480	674	238
284	41480	674	401
284	41480	674	517
284	41480	674	1501
284	41480	674	852
284	41480	674	75
284	41480	674	59
284	41480	674	901
284	41480	674	259
303	41530	724	102
303	41530	724	71
303	41530	724	647
303	41530	724	75
303	41530	724	338
303	41530	724	1859
303	41530	724	130
303	41530	724	401
303	41530	724	1309
303	41530	724	1032
303	41530	724	98
303	41530	724	1369
303	41530	724	1571
321	41580	774	46
321	41580	774	130
321	41580	774	1300
321	41580	774	218
321	41580	774	647
321	41580	774	1151
321	41580	774	1810
321	41580	774	1865
67	40880	24	337
67	40880	24	1557
67	40880	24	1081
67	40880	24	210
67	40880	24	1080
67	40880	24	629
67	40880	24	1026
67	40880	24	1703
67	40880	24	437
67	40880	24	256
67	40880	24	397
67	40880	24	454
67	40880	24	89
67	40880	24	1897
67	40880	24	428
67	40880	24	1226
67	40880	24	1722
93	40980	124	579
93	40980	124	115
93	40980	124	1303
93	40980	124	1134
93	40980	124	1440
93	40980	124	1989
93	40980	124	1557
93	40980	124	29
93	40980	124	887
93	40980	124	702
124	41080	224	273
124	41080	224	29
124	41080	224	1371
124	41080	224	771
124	41080	224	995
159	41180	324	220
159	41180	324	197
159	41180	324	61
159	41180	324	234
159	41180	324	329
159	41180	324	368
159	41180	324	1610
159	41180	324	246
159	41180	324	491
198	41280	424	25
198	41280	424	106
198	41280	424	743
198	41280	424	246
198	41280	424	826
198	41280	424	1449
198	41280	424	1132
198	41280	424	140
198	41280	424	118
242	41380	524	516
242	41380	524	25
242	41380	524	4
242	41380	524	120
242	41380	524	7
242	41380	524	943
242	41380	524	1486
242	41380	524	183
242	41380	524	1948
242	41380	524	975
242	41380	524	776
242	41380	524	667
242	41380	524	666
242	41380	524	1474
283	41480	624	59
283	41480	624	401
283	41480	624	901
283	41480	624	1236
283	41480	624	259
283	41480	624	903
283	41480	624	494
283	41480	624	900
283	41480	624	899
283	41480	624	30
320	41580	724	130
320	41580	724	1859
320	41580	724	1151
320	41580	724	1810
320	41580	724	338
320	41580	724	121
320	41580	724	218
320	41580	724	98
320	41580	724	1571
320	41580	724	1568
320	41580	724	706
320	41580	724	677
320	41580	724	343
320	41580	724	1381
320	41580	724	1209
320	41580	724	502
88	40930	74	1557
88	40930	74	324
88	40930	74	629
88	40930	74	1459
88	40930	74	883
88	40930	74	796
88	40930	74	1901
88	40930	74	397
88	40930	74	210
88	40930	74	797
88	40930	74	141
108	41030	174	487
108	41030	174	29
108	41030	174	1345
108	41030	174	746
108	41030	174	273
108	41030	174	720
108	41030	174	115
108	41030	174	138
141	41130	274	449
141	41130	274	1971
141	41130	274	234
141	41130	274	368
141	41130	274	261
141	41130	274	995
141	41130	274	61
141	41130	274	491
141	41130	274	1403
178	41230	374	460
178	41230	374	547
178	41230	374	106
178	41230	374	246
178	41230	374	329
178	41230	374	197
178	41230	374	1101
178	41230	374	581
178	41230	374	566
220	41330	474	1415
220	41330	474	450
220	41330	474	25
220	41330	474	1885
220	41330	474	183
220	41330	474	743
220	41330	474	1883
220	41330	474	943
220	41330	474	1289
220	41330	474	106
220	41330	474	850
220	41330	474	361
220	41330	474	322
220	41330	474	188
220	41330	474	140
263	41430	574	316
263	41430	574	7
263	41430	574	1283
263	41430	574	640
263	41430	574	1060
263	41430	574	858
263	41430	574	903
263	41430	574	440
263	41430	574	1088
263	41430	574	603
263	41430	574	374
302	41530	674	75
302	41530	674	401
302	41530	674	98
302	41530	674	323
302	41530	674	1991
302	41530	674	259
302	41530	674	1571
302	41530	674	203
302	41530	674	738
302	41530	674	1517
302	41530	674	835
302	41530	674	135
302	41530	674	1884
79	40930	24	397
79	40930	24	1557
79	40930	24	210
79	40930	24	1424
79	40930	24	1722
79	40930	24	428
79	40930	24	141
79	40930	24	650
79	40930	24	696
79	40930	24	366
79	40930	24	727
79	40930	24	931
101	40980	74	1557
101	40980	74	1989
101	40980	74	579
101	40980	74	887
101	40980	74	797
101	40980	74	210
101	40980	74	141
101	40980	74	591
101	40980	74	1542
101	40980	74	702
101	40980	74	115
101	40980	74	962
107	41030	124	115
107	41030	124	29
107	41030	124	720
107	41030	124	138
107	41030	124	702
107	41030	124	100
107	41030	124	1498
107	41030	124	222
123	41080	174	273
123	41080	174	29
123	41080	174	1273
123	41080	174	320
123	41080	174	1092
123	41080	174	138
123	41080	174	720
123	41080	174	174
140	41130	224	261
140	41130	224	995
140	41130	224	29
140	41130	224	234
140	41130	224	273
140	41130	224	368
140	41130	224	1403
140	41130	224	1563
140	41130	224	1079
158	41180	274	234
158	41180	274	368
158	41180	274	61
158	41180	274	491
158	41180	274	329
158	41180	274	468
177	41230	324	329
177	41230	324	246
177	41230	324	1610
177	41230	324	581
177	41230	324	491
177	41230	324	202
177	41230	324	566
177	41230	324	1952
177	41230	324	1697
177	41230	324	655
197	41280	374	106
197	41280	374	246
197	41280	374	1132
197	41280	374	566
197	41280	374	1349
197	41280	374	581
197	41280	374	118
197	41280	374	373
197	41280	374	456
197	41280	374	1211
219	41330	424	106
219	41330	424	743
219	41330	424	1904
219	41330	424	140
219	41330	424	361
219	41330	424	1449
219	41330	424	846
219	41330	424	118
219	41330	424	423
219	41330	424	845
219	41330	424	1047
219	41330	424	1188
219	41330	424	64
240	41380	474	25
240	41380	474	183
240	41380	474	322
240	41380	474	361
240	41380	474	855
240	41380	474	1928
240	41380	474	666
240	41380	474	188
240	41380	474	1447
240	41380	474	1445
240	41380	474	423
240	41380	474	1933
240	41380	474	67
240	41380	474	1367
240	41380	474	1857
240	41380	474	81
240	41380	474	1708
240	41380	474	283
240	41380	474	1576
262	41430	524	7
262	41430	524	25
262	41430	524	1947
262	41430	524	667
262	41430	524	486
262	41430	524	603
262	41430	524	374
262	41430	524	440
262	41430	524	1605
262	41430	524	1474
262	41430	524	1357
262	41430	524	224
262	41430	524	1898
262	41430	524	986
262	41430	524	709
262	41430	524	1302
262	41430	524	81
282	41480	574	903
282	41480	574	494
282	41480	574	1911
282	41480	574	316
282	41480	574	899
282	41480	574	440
282	41480	574	1088
282	41480	574	221
282	41480	574	30
282	41480	574	374
282	41480	574	1923
282	41480	574	33
282	41480	574	224
282	41480	574	1292
282	41480	574	1763
282	41480	574	1761
282	41480	574	681
301	41530	624	259
301	41530	624	401
301	41530	624	323
301	41530	624	59
301	41530	624	1517
301	41530	624	900
301	41530	624	30
301	41530	624	835
301	41530	624	1987
301	41530	624	1986
301	41530	624	1884
301	41530	624	1012
301	41530	624	356
301	41530	624	121
301	41530	624	507
319	41580	674	1571
319	41580	674	121
319	41580	674	203
319	41580	674	1381
319	41580	674	323
319	41580	674	1569
319	41580	674	135
319	41580	674	1209
319	41580	674	835
319	41580	674	1884
319	41580	674	502
319	41580	674	392
319	41580	674	1372
319	41580	674	1375
319	41580	674	512
319	41580	674	1567
336	41630	724	130
336	41630	724	677
336	41630	724	121
336	41630	724	726
336	41630	724	502
336	41630	724	343
336	41630	724	1658
336	41630	724	1581
336	41630	724	395
336	41630	724	392
336	41630	724	304
92	40980	24	141
92	40980	24	591
92	40980	24	650
92	40980	24	962
92	40980	24	579
92	40980	24	210
92	40980	24	926
92	40980	24	931
92	40980	24	727
92	40980	24	1950
92	40980	24	692
92	40980	24	702
92	40980	24	1189
92	40980	24	697
92	40980	24	69
92	40980	24	1285
92	40980	24	1102
122	41080	124	29
122	41080	124	138
122	41080	124	320
122	41080	124	174
122	41080	124	222
122	41080	124	1498
122	41080	124	719
122	41080	124	1973
157	41180	224	368
157	41180	224	491
157	41180	224	234
157	41180	224	1079
157	41180	224	1074
157	41180	224	1694
157	41180	224	1693
157	41180	224	468
157	41180	224	1218
196	41280	324	566
196	41280	324	581
196	41280	324	202
196	41280	324	1759
196	41280	324	1349
196	41280	324	1211
196	41280	324	456
196	41280	324	328
196	41280	324	833
239	41380	424	361
239	41380	424	423
239	41380	424	1438
239	41380	424	748
239	41380	424	845
239	41380	424	64
239	41380	424	283
239	41380	424	1188
239	41380	424	67
239	41380	424	1539
281	41480	524	374
281	41480	524	224
281	41480	524	33
281	41480	524	221
281	41480	524	709
281	41480	524	1761
281	41480	524	81
281	41480	524	681
281	41480	524	30
281	41480	524	917
281	41480	524	184
281	41480	524	10
281	41480	524	825
318	41580	624	1884
318	41580	624	135
318	41580	624	121
318	41580	624	507
318	41580	624	1375
318	41580	624	30
318	41580	624	1017
318	41580	624	512
318	41580	624	142
318	41580	624	356
318	41580	624	1016
318	41580	624	1012
318	41580	624	821
115	41030	74	115
115	41030	74	702
115	41030	74	100
115	41030	74	579
115	41030	74	138
115	41030	74	1498
115	41030	74	1932
115	41030	74	69
139	41130	174	29
139	41130	174	273
139	41130	174	138
139	41130	174	320
139	41130	174	174
139	41130	174	1079
139	41130	174	1997
139	41130	174	1528
139	41130	174	387
139	41130	174	1867
176	41230	274	329
176	41230	274	491
176	41230	274	92
176	41230	274	202
176	41230	274	468
176	41230	274	655
176	41230	274	983
218	41330	374	118
218	41330	374	106
218	41330	374	373
218	41330	374	1047
218	41330	374	228
218	41330	374	456
218	41330	374	1211
218	41330	374	1188
218	41330	374	997
218	41330	374	64
218	41330	374	1780
218	41330	374	890
218	41330	374	599
260	41430	474	25
260	41430	474	1474
260	41430	474	1933
260	41430	474	81
260	41430	474	67
260	41430	474	986
260	41430	474	486
260	41430	474	1576
260	41430	474	283
260	41430	474	917
260	41430	474	1040
260	41430	474	1834
300	41530	574	30
300	41530	574	1923
300	41530	574	356
300	41530	574	1012
300	41530	574	899
300	41530	574	1245
300	41530	574	1575
300	41530	574	681
300	41530	574	1186
300	41530	574	1190
300	41530	574	383
300	41530	574	593
335	41630	674	502
335	41630	674	121
335	41630	674	395
335	41630	674	392
335	41630	674	512
335	41630	674	815
335	41630	674	791
335	41630	674	304
335	41630	674	857
335	41630	674	1067
335	41630	674	345
106	41030	24	579
106	41030	24	702
106	41030	24	69
106	41030	24	931
106	41030	24	429
106	41030	24	1706
106	41030	24	1702
106	41030	24	755
106	41030	24	1510
106	41030	24	1224
106	41030	24	1094
130	41080	74	138
130	41080	74	100
130	41080	74	1932
130	41080	74	222
130	41080	74	69
130	41080	74	719
130	41080	74	702
130	41080	74	1973
130	41080	74	892
138	41130	124	174
138	41130	124	138
138	41130	124	1528
138	41130	124	222
138	41130	124	1867
138	41130	124	1648
138	41130	124	719
138	41130	124	1718
138	41130	124	278
138	41130	124	29
138	41130	124	16
138	41130	124	1118
138	41130	124	1229
138	41130	124	277
156	41180	174	1079
156	41180	174	368
156	41180	174	1074
156	41180	174	29
156	41180	174	387
156	41180	174	1218
156	41180	174	1544
156	41180	174	641
156	41180	174	643
156	41180	174	468
156	41180	174	1039
175	41230	224	491
175	41230	224	468
175	41230	224	92
175	41230	224	368
175	41230	224	1513
175	41230	224	983
175	41230	224	1218
175	41230	224	333
175	41230	224	741
195	41280	274	655
195	41280	274	202
195	41280	274	328
195	41280	274	491
195	41280	274	8
195	41280	274	756
195	41280	274	833
195	41280	274	468
195	41280	274	1390
195	41280	274	1665
195	41280	274	552
217	41330	324	1211
217	41330	324	456
217	41330	324	1349
217	41330	324	997
217	41330	324	202
217	41330	324	328
217	41330	324	890
217	41330	324	613
217	41330	324	599
217	41330	324	1620
217	41330	324	833
217	41330	324	8
217	41330	324	129
238	41380	374	1188
238	41380	374	64
238	41380	374	456
238	41380	374	1603
238	41380	374	1627
238	41380	374	890
238	41380	374	1975
238	41380	374	599
238	41380	374	1977
238	41380	374	1327
238	41380	374	1606
238	41380	374	129
238	41380	374	627
259	41430	424	283
259	41430	424	67
259	41430	424	876
259	41430	424	81
259	41430	424	1760
259	41430	424	64
259	41430	424	1040
259	41430	424	1733
259	41430	424	1834
259	41430	424	1201
259	41430	424	486
259	41430	424	663
259	41430	424	872
279	41480	474	81
279	41480	474	917
279	41480	474	10
279	41480	474	224
279	41480	474	486
279	41480	474	1168
279	41480	474	825
299	41530	524	681
299	41530	524	30
299	41530	524	1761
299	41530	524	899
299	41530	524	184
299	41530	524	593
299	41530	524	33
299	41530	524	383
299	41530	524	825
299	41530	524	897
299	41530	524	10
299	41530	524	612
317	41580	574	1012
317	41580	574	356
317	41580	574	30
317	41580	574	142
317	41580	574	736
317	41580	574	1925
317	41580	574	1190
317	41580	574	383
317	41580	574	821
317	41580	574	593
317	41580	574	493
317	41580	574	815
317	41580	574	1604
317	41580	574	1421
334	41630	624	512
334	41630	624	857
334	41630	624	634
334	41630	624	142
334	41630	624	815
334	41630	624	821
334	41630	624	304
334	41630	624	493
334	41630	624	345
350	41680	674	502
350	41680	674	304
350	41680	674	1067
350	41680	674	345
350	41680	674	729
121	41080	24	702
121	41080	24	69
121	41080	24	100
121	41080	24	892
121	41080	24	429
121	41080	24	111
121	41080	24	222
121	41080	24	931
121	41080	24	1094
121	41080	24	276
121	41080	24	1073
121	41080	24	924
155	41180	124	29
155	41180	124	16
155	41180	124	387
155	41180	124	1544
155	41180	124	1118
155	41180	124	1213
155	41180	124	643
155	41180	124	222
155	41180	124	277
155	41180	124	585
194	41280	224	491
194	41280	224	983
194	41280	224	468
194	41280	224	202
194	41280	224	1469
194	41280	224	741
194	41280	224	91
194	41280	224	552
194	41280	224	333
194	41280	224	8
237	41380	324	599
237	41380	324	890
237	41380	324	129
237	41380	324	1975
237	41380	324	613
237	41380	324	627
237	41380	324	64
237	41380	324	8
237	41380	324	1813
278	41480	424	81
278	41480	424	486
278	41480	424	1733
278	41480	424	64
278	41480	424	1109
278	41480	424	1201
278	41480	424	10
278	41480	424	1734
278	41480	424	624
278	41480	424	609
278	41480	424	898
278	41480	424	60
278	41480	424	321
316	41580	524	593
316	41580	524	383
316	41580	524	30
316	41580	524	1604
316	41580	524	612
316	41580	524	572
316	41580	524	1421
316	41580	524	524
316	41580	524	897
316	41580	524	154
316	41580	524	781
349	41680	624	304
349	41680	624	345
349	41680	624	815
349	41680	624	861
349	41680	624	432
349	41680	624	53
349	41680	624	991
349	41680	624	1044
349	41680	624	1117
349	41680	624	794
349	41680	624	577
349	41680	624	792
349	41680	624	1583
146	41130	74	719
146	41130	74	222
146	41130	74	1973
146	41130	74	1648
146	41130	74	1229
146	41130	74	277
146	41130	74	276
174	41230	174	1218
174	41230	174	468
174	41230	174	368
174	41230	174	643
174	41230	174	1039
174	41230	174	641
174	41230	174	912
174	41230	174	333
174	41230	174	387
174	41230	174	285
174	41230	174	1158
216	41330	274	833
216	41330	274	202
216	41330	274	1665
216	41330	274	8
216	41330	274	552
216	41330	274	948
216	41330	274	613
216	41330	274	828
258	41430	374	64
258	41430	374	1606
258	41430	374	1201
258	41430	374	1327
258	41430	374	663
258	41430	374	872
258	41430	374	1782
258	41430	374	314
258	41430	374	609
258	41430	374	784
258	41430	374	1468
297	41530	474	825
297	41530	474	10
297	41530	474	184
297	41530	474	824
297	41530	474	897
297	41530	474	1397
297	41530	474	1609
297	41530	474	1832
297	41530	474	940
297	41530	474	292
297	41530	474	601
297	41530	474	154
297	41530	474	321
297	41530	474	1329
297	41530	474	1270
333	41630	574	821
333	41630	574	493
333	41630	574	736
333	41630	574	815
333	41630	574	30
333	41630	574	1029
333	41630	574	306
333	41630	574	1982
333	41630	574	1009
333	41630	574	427
137	41130	24	222
137	41130	24	276
137	41130	24	100
137	41130	24	111
137	41130	24	924
137	41130	24	446
137	41130	24	16
137	41130	24	725
137	41130	24	674
137	41130	24	134
163	41180	74	277
163	41180	74	16
163	41180	74	222
163	41180	74	387
163	41180	74	446
163	41180	74	711
163	41180	74	165
173	41230	124	387
173	41230	124	643
173	41230	124	285
173	41230	124	585
173	41230	124	16
173	41230	124	1158
173	41230	124	602
193	41280	174	333
193	41280	174	285
193	41280	174	468
193	41280	174	741
193	41280	174	91
193	41280	174	912
193	41280	174	8
193	41280	174	1158
193	41280	174	585
193	41280	174	469
193	41280	174	1108
193	41280	174	90
215	41330	224	8
215	41330	224	552
215	41330	224	828
215	41330	224	1667
215	41330	224	91
215	41330	224	469
236	41380	274	613
236	41380	274	129
236	41380	274	8
236	41380	274	1975
236	41380	274	1813
236	41380	274	948
236	41380	274	64
236	41380	274	1334
236	41380	274	1536
236	41380	274	545
257	41430	324	64
257	41430	324	627
257	41430	324	1782
257	41430	324	1975
257	41430	324	784
257	41430	324	814
257	41430	324	1024
257	41430	324	1536
257	41430	324	620
257	41430	324	1682
277	41480	374	64
277	41480	374	872
277	41480	374	609
277	41480	374	10
277	41480	374	1217
277	41480	374	60
277	41480	374	467
277	41480	374	784
277	41480	374	362
277	41480	374	1024
277	41480	374	112
277	41480	374	348
277	41480	374	778
277	41480	374	192
296	41530	424	10
296	41530	424	624
296	41530	424	292
296	41530	424	321
296	41530	424	601
296	41530	424	1270
296	41530	424	362
296	41530	424	60
296	41530	424	49
296	41530	424	1166
296	41530	424	778
296	41530	424	1554
296	41530	424	1573
296	41530	424	1450
314	41580	474	897
314	41580	474	30
314	41580	474	154
314	41580	474	824
314	41580	474	524
314	41580	474	940
314	41580	474	601
314	41580	474	1879
314	41580	474	1329
314	41580	474	1270
314	41580	474	367
314	41580	474	1050
332	41630	524	30
332	41630	524	1421
332	41630	524	1227
332	41630	524	306
332	41630	524	781
332	41630	524	1009
332	41630	524	1766
332	41630	524	427
332	41630	524	739
332	41630	524	1480
332	41630	524	206
348	41680	574	815
348	41680	574	204
348	41680	574	53
348	41680	574	306
348	41680	574	904
348	41680	574	808
348	41680	574	1009
348	41680	574	740
348	41680	574	794
348	41680	574	427
348	41680	574	408
348	41680	574	345
348	41680	574	1999
348	41680	574	1583
348	41680	574	1711
348	41680	574	1814
348	41680	574	206
348	41680	574	1635
348	41680	574	390
348	41680	574	1
363	41730	624	991
363	41730	624	345
363	41730	624	863
363	41730	624	1044
363	41730	624	792
363	41730	624	577
363	41730	624	1036
363	41730	624	1584
363	41730	624	1120
154	41180	24	222
154	41180	24	446
154	41180	24	16
154	41180	24	165
154	41180	24	134
154	41180	24	711
154	41180	24	573
154	41180	24	422
154	41180	24	1234
154	41180	24	279
192	41280	124	1158
192	41280	124	285
192	41280	124	585
192	41280	124	1108
192	41280	124	602
192	41280	124	90
192	41280	124	1157
192	41280	124	530
235	41380	224	8
235	41380	224	1334
235	41380	224	469
235	41380	224	908
235	41380	224	1536
235	41380	224	399
235	41380	224	1878
235	41380	224	881
276	41480	324	784
276	41480	324	1024
276	41480	324	64
276	41480	324	620
276	41480	324	112
276	41480	324	348
276	41480	324	1817
276	41480	324	241
276	41480	324	192
276	41480	324	1682
276	41480	324	1392
276	41480	324	60
276	41480	324	1874
276	41480	324	1536
276	41480	324	614
276	41480	324	410
276	41480	324	8
276	41480	324	1177
313	41580	424	1270
313	41580	424	601
313	41580	424	1328
313	41580	424	367
313	41580	424	49
313	41580	424	1554
313	41580	424	30
313	41580	424	1573
313	41580	424	1481
313	41580	424	325
313	41580	424	291
313	41580	424	1169
347	41680	524	427
347	41680	524	1009
347	41680	524	739
347	41680	524	206
347	41680	524	781
347	41680	524	204
347	41680	524	30
347	41680	524	1
347	41680	524	605
347	41680	524	730
347	41680	524	518
347	41680	524	1602
347	41680	524	1454
347	41680	524	521
181	41230	74	387
181	41230	74	16
181	41230	74	711
181	41230	74	585
181	41230	74	77
181	41230	74	602
181	41230	74	434
181	41230	74	538
181	41230	74	422
181	41230	74	1725
181	41230	74	1373
181	41230	74	686
181	41230	74	253
181	41230	74	393
181	41230	74	1585
214	41330	174	91
214	41330	174	8
214	41330	174	333
214	41330	174	469
214	41330	174	724
214	41330	174	90
214	41330	174	285
214	41330	174	652
214	41330	174	416
256	41430	274	64
256	41430	274	1536
256	41430	274	545
256	41430	274	1337
256	41430	274	1682
256	41430	274	843
256	41430	274	8
256	41430	274	495
295	41530	374	60
295	41530	374	362
295	41530	374	49
295	41530	374	778
295	41530	374	1450
295	41530	374	1622
295	41530	374	410
295	41530	374	164
295	41530	374	584
295	41530	374	556
295	41530	374	574
295	41530	374	1149
295	41530	374	555
330	41630	474	30
330	41630	474	781
330	41630	474	1480
330	41630	474	849
330	41630	474	206
330	41630	474	1050
330	41630	474	1988
330	41630	474	167
330	41630	474	730
330	41630	474	1685
330	41630	474	789
362	41730	574	345
362	41730	574	1584
362	41730	574	1036
362	41730	574	1120
362	41730	574	390
362	41730	574	1430
362	41730	574	765
362	41730	574	204
362	41730	574	206
362	41730	574	1
362	41730	574	1071
362	41730	574	341
362	41730	574	715
362	41730	574	1980
172	41230	24	711
172	41230	24	422
172	41230	24	279
172	41230	24	253
172	41230	24	16
172	41230	24	393
172	41230	24	134
172	41230	24	1582
172	41230	24	689
172	41230	24	434
172	41230	24	633
200	41280	74	585
200	41280	74	602
200	41280	74	1157
200	41280	74	285
200	41280	74	434
200	41280	74	372
200	41280	74	530
200	41280	74	182
200	41280	74	737
200	41280	74	1443
212	41330	124	90
212	41330	124	285
212	41330	124	469
212	41330	124	652
212	41330	124	530
212	41330	124	416
212	41330	124	862
234	41380	174	469
234	41380	174	8
234	41380	174	44
234	41380	174	1878
234	41380	174	90
234	41380	174	416
234	41380	174	881
255	41430	224	1536
255	41430	224	545
255	41430	224	8
255	41430	224	399
255	41430	224	881
255	41430	224	1608
255	41430	224	230
275	41480	274	1682
275	41480	274	64
275	41480	274	1536
275	41480	274	843
275	41480	274	495
275	41480	274	8
275	41480	274	241
275	41480	274	1856
275	41480	274	410
275	41480	274	545
275	41480	274	1177
275	41480	274	1235
294	41530	324	112
294	41530	324	60
294	41530	324	410
294	41530	324	1874
294	41530	324	164
294	41530	324	1149
294	41530	324	555
294	41530	324	1483
294	41530	324	1177
294	41530	324	241
294	41530	324	1784
294	41530	324	63
294	41530	324	1845
294	41530	324	1908
294	41530	324	1489
294	41530	324	830
294	41530	324	589
294	41530	324	1661
294	41530	324	319
294	41530	324	144
312	41580	374	49
312	41580	374	325
312	41580	374	584
312	41580	374	30
312	41580	374	556
312	41580	374	1167
312	41580	374	291
312	41580	374	164
312	41580	374	1169
312	41580	374	226
312	41580	374	58
329	41630	424	30
329	41630	424	1481
329	41630	424	167
329	41630	424	1006
329	41630	424	789
329	41630	424	284
329	41630	424	1169
329	41630	424	1774
329	41630	424	1267
329	41630	424	1839
329	41630	424	506
345	41680	474	30
345	41680	474	730
345	41680	474	1595
345	41680	474	1685
345	41680	474	594
345	41680	474	518
345	41680	474	167
345	41680	474	947
345	41680	474	521
345	41680	474	296
345	41680	474	619
361	41730	524	1
361	41730	524	715
361	41730	524	1602
361	41730	524	605
361	41730	524	341
361	41730	524	1454
361	41730	524	795
361	41730	524	1360
361	41730	524	518
361	41730	524	1692
361	41730	524	1927
361	41730	524	1271
361	41730	524	30
361	41730	524	1552
361	41730	524	521
361	41730	524	717
361	41730	524	433
361	41730	524	1084
361	41730	524	790
375	41780	574	345
375	41780	574	989
375	41780	574	1
375	41780	574	68
375	41780	574	1980
375	41780	574	341
191	41280	24	434
191	41280	24	253
191	41280	24	182
191	41280	24	1443
191	41280	24	737
191	41280	24	393
191	41280	24	372
191	41280	24	1258
191	41280	24	689
191	41280	24	1278
191	41280	24	530
191	41280	24	134
191	41280	24	1355
191	41280	24	1678
191	41280	24	1336
191	41280	24	1475
191	41280	24	179
191	41280	24	326
233	41380	124	90
233	41380	124	416
233	41380	124	881
233	41380	124	14
233	41380	124	530
274	41480	224	8
274	41480	224	545
274	41480	224	399
274	41480	224	230
274	41480	224	819
274	41480	224	1235
274	41480	224	1785
274	41480	224	1636
274	41480	224	416
274	41480	224	187
274	41480	224	1655
311	41580	324	164
311	41580	324	63
311	41580	324	325
311	41580	324	1489
311	41580	324	226
311	41580	324	58
311	41580	324	1589
311	41580	324	144
311	41580	324	830
311	41580	324	319
311	41580	324	1776
311	41580	324	911
311	41580	324	1896
311	41580	324	1661
311	41580	324	1662
311	41580	324	913
311	41580	324	1775
311	41580	324	1871
311	41580	324	1783
311	41580	324	158
311	41580	324	17
311	41580	324	1023
344	41680	424	167
344	41680	424	30
344	41680	424	619
344	41680	424	947
344	41680	424	1643
344	41680	424	1839
344	41680	424	1641
344	41680	424	506
344	41680	424	930
344	41680	424	296
344	41680	424	41
344	41680	424	1840
374	41780	524	341
374	41780	524	1980
374	41780	524	989
374	41780	524	68
374	41780	524	1
374	41780	524	1084
374	41780	524	1425
374	41780	524	760
374	41780	524	761
374	41780	524	548
374	41780	524	105
374	41780	524	790
374	41780	524	1841
374	41780	524	592
374	41780	524	864
374	41780	524	149
374	41780	524	1410
221	41330	74	530
221	41330	74	862
221	41330	74	285
221	41330	74	372
221	41330	74	90
221	41330	74	134
221	41330	74	1428
221	41330	74	505
254	41430	174	881
254	41430	174	399
254	41430	174	1878
254	41430	174	8
254	41430	174	1608
254	41430	174	230
254	41430	174	416
254	41430	174	630
254	41430	174	1596
293	41530	274	1177
293	41530	274	241
293	41530	274	1914
293	41530	274	1924
293	41530	274	63
293	41530	274	8
293	41530	274	589
293	41530	274	144
293	41530	274	830
293	41530	274	1889
293	41530	274	1661
293	41530	274	1942
293	41530	274	1779
293	41530	274	1785
293	41530	274	1288
293	41530	274	1842
293	41530	274	187
293	41530	274	17
293	41530	274	564
328	41630	374	1169
328	41630	374	30
328	41630	374	226
328	41630	374	167
328	41630	374	1402
328	41630	374	58
328	41630	374	1939
328	41630	374	506
328	41630	374	1839
328	41630	374	1311
328	41630	374	158
328	41630	374	1259
359	41730	474	518
359	41730	474	521
359	41730	474	594
359	41730	474	296
359	41730	474	433
359	41730	474	30
359	41730	474	790
359	41730	474	41
359	41730	474	932
359	41730	474	65
211	41330	24	372
211	41330	24	530
211	41330	24	134
211	41330	24	179
211	41330	24	505
211	41330	24	326
211	41330	24	916
211	41330	24	1176
211	41330	24	1363
211	41330	24	23
241	41380	74	90
241	41380	74	530
241	41380	74	14
241	41380	74	134
241	41380	74	1428
241	41380	74	1926
241	41380	74	1363
241	41380	74	505
241	41380	74	377
253	41430	124	416
253	41430	124	630
253	41430	124	881
253	41430	124	14
253	41430	124	1596
253	41430	124	90
253	41430	124	439
253	41430	124	289
273	41480	174	230
273	41480	174	416
273	41480	174	1596
273	41480	174	1655
273	41480	174	8
273	41480	174	881
273	41480	174	1749
273	41480	174	1668
292	41530	224	1785
292	41530	224	8
292	41530	224	187
292	41530	224	241
292	41530	224	564
292	41530	224	1194
292	41530	224	1655
292	41530	224	500
292	41530	224	1472
292	41530	224	1833
292	41530	224	561
310	41580	274	144
310	41580	274	319
310	41580	274	1779
310	41580	274	1842
310	41580	274	1783
310	41580	274	17
310	41580	274	1023
310	41580	274	255
310	41580	274	241
310	41580	274	1398
310	41580	274	661
310	41580	274	500
310	41580	274	415
310	41580	274	1525
310	41580	274	1929
310	41580	274	879
327	41630	324	58
327	41630	324	158
327	41630	324	1169
327	41630	324	144
327	41630	324	226
327	41630	324	1259
327	41630	324	1261
327	41630	324	17
327	41630	324	76
327	41630	324	661
327	41630	324	921
327	41630	324	478
327	41630	324	1739
327	41630	324	1239
327	41630	324	1522
343	41680	374	1839
343	41680	374	506
343	41680	374	930
343	41680	374	1311
343	41680	374	1169
343	41680	374	167
343	41680	374	1259
343	41680	374	217
343	41680	374	1461
358	41730	424	41
358	41730	424	296
358	41730	424	167
358	41730	424	932
358	41730	424	65
358	41730	424	930
358	41730	424	217
372	41780	474	790
372	41780	474	433
372	41780	474	548
372	41780	474	592
372	41780	474	521
372	41780	474	856
372	41780	474	41
372	41780	474	1
372	41780	474	1422
372	41780	474	157
372	41780	474	65
372	41780	474	864
372	41780	474	945
372	41780	474	149
372	41780	474	389
372	41780	474	807
372	41780	474	270
372	41780	474	700
372	41780	474	958
386	41830	524	1
386	41830	524	105
386	41830	524	149
386	41830	524	1410
386	41830	524	1294
386	41830	524	1269
386	41830	524	1523
386	41830	524	26
386	41830	524	1268
232	41380	24	505
232	41380	24	134
232	41380	24	90
232	41380	24	1363
232	41380	24	23
232	41380	24	377
232	41380	24	1014
232	41380	24	14
232	41380	24	1644
232	41380	24	860
232	41380	24	1882
232	41380	24	1791
232	41380	24	1420
232	41380	24	949
232	41380	24	1124
232	41380	24	1936
272	41480	124	416
272	41480	124	881
272	41480	124	439
272	41480	124	14
272	41480	124	8
272	41480	124	1668
272	41480	124	289
272	41480	124	1672
272	41480	124	607
309	41580	224	241
309	41580	224	500
309	41580	224	187
309	41580	224	1833
309	41580	224	1472
309	41580	224	1994
309	41580	224	1710
309	41580	224	879
309	41580	224	17
309	41580	224	561
309	41580	224	461
309	41580	224	1122
309	41580	224	804
309	41580	224	1413
342	41680	324	1259
342	41680	324	1169
342	41680	324	76
342	41680	324	506
342	41680	324	441
342	41680	324	1239
342	41680	324	930
342	41680	324	217
342	41680	324	478
342	41680	324	1522
342	41680	324	539
371	41780	424	41
371	41780	424	65
371	41780	424	270
371	41780	424	217
371	41780	424	777
371	41780	424	1247
371	41780	424	1053
371	41780	424	700
371	41780	424	604
371	41780	424	26
371	41780	424	874
261	41430	74	90
261	41430	74	14
261	41430	74	289
261	41430	74	439
261	41430	74	490
291	41530	174	1655
291	41530	174	8
291	41530	174	1749
291	41530	174	187
291	41530	174	561
291	41530	174	1668
291	41530	174	1472
291	41530	174	607
291	41530	174	461
326	41630	274	661
326	41630	274	921
326	41630	274	17
326	41630	274	478
326	41630	274	1929
326	41630	274	288
326	41630	274	1163
326	41630	274	145
326	41630	274	853
326	41630	274	76
326	41630	274	241
326	41630	274	1522
326	41630	274	1451
326	41630	274	1822
326	41630	274	441
326	41630	274	698
326	41630	274	1965
326	41630	274	132
357	41730	374	167
357	41730	374	930
357	41730	374	217
357	41730	374	1461
357	41730	374	1164
357	41730	374	65
357	41730	374	441
384	41830	474	149
384	41830	474	1
384	41830	474	1294
384	41830	474	389
384	41830	474	1523
384	41830	474	65
384	41830	474	1269
384	41830	474	26
384	41830	474	700
384	41830	474	958
384	41830	474	1268
384	41830	474	807
384	41830	474	604
384	41830	474	1287
384	41830	474	817
384	41830	474	721
384	41830	474	1183
252	41430	24	14
252	41430	24	1644
252	41430	24	490
252	41430	24	377
252	41430	24	1936
252	41430	24	1124
252	41430	24	439
252	41430	24	23
252	41430	24	110
252	41430	24	1770
252	41430	24	95
252	41430	24	1362
252	41430	24	1105
252	41430	24	1979
252	41430	24	1104
252	41430	24	274
280	41480	74	439
280	41480	74	289
280	41480	74	95
280	41480	74	51
280	41480	74	622
290	41530	124	1668
290	41530	124	607
290	41530	124	1672
290	41530	124	439
290	41530	124	8
290	41530	124	289
290	41530	124	51
290	41530	124	1744
290	41530	124	1727
308	41580	174	561
308	41580	174	1472
308	41580	174	461
308	41580	174	1508
308	41580	174	607
308	41580	174	8
308	41580	174	1413
308	41580	174	1983
308	41580	174	698
308	41580	174	5
325	41630	224	241
325	41630	224	17
325	41630	224	804
325	41630	224	1380
325	41630	224	698
325	41630	224	461
325	41630	224	187
325	41630	224	575
325	41630	224	288
325	41630	224	1185
325	41630	224	5
325	41630	224	162
341	41680	274	1522
341	41680	274	478
341	41680	274	441
341	41680	274	1965
341	41680	274	132
341	41680	274	288
341	41680	274	17
341	41680	274	998
341	41680	274	213
356	41730	324	930
356	41730	324	1169
356	41730	324	217
356	41730	324	441
356	41730	324	327
356	41730	324	539
356	41730	324	213
356	41730	324	525
356	41730	324	1255
356	41730	324	907
370	41780	374	65
370	41780	374	217
370	41780	374	1555
370	41780	374	26
370	41780	374	646
370	41780	374	1789
370	41780	374	1938
370	41780	374	882
383	41830	424	65
383	41830	424	604
383	41830	424	26
383	41830	424	1505
383	41830	424	874
383	41830	424	177
383	41830	424	1183
383	41830	424	1529
383	41830	424	1961
395	41880	474	26
395	41880	474	1268
395	41880	474	721
395	41880	474	177
395	41880	474	1183
271	41480	24	439
271	41480	24	95
271	41480	24	1212
271	41480	24	622
271	41480	24	110
271	41480	24	14
271	41480	24	1953
271	41480	24	508
271	41480	24	242
271	41480	24	1407
271	41480	24	351
271	41480	24	1956
271	41480	24	298
271	41480	24	332
271	41480	24	1243
307	41580	124	607
307	41580	124	51
307	41580	124	461
307	41580	124	5
307	41580	124	1492
307	41580	124	1727
307	41580	124	1147
307	41580	124	1095
307	41580	124	78
307	41580	124	703
307	41580	124	143
340	41680	224	17
340	41680	224	288
340	41680	224	132
340	41680	224	698
340	41680	224	842
340	41680	224	5
340	41680	224	162
340	41680	224	169
340	41680	224	312
340	41680	224	769
340	41680	224	1683
340	41680	224	175
340	41680	224	1220
369	41780	324	441
369	41780	324	217
369	41780	324	65
369	41780	324	327
369	41780	324	1378
369	41780	324	1527
369	41780	324	713
369	41780	324	1938
369	41780	324	882
369	41780	324	26
369	41780	324	907
369	41780	324	558
369	41780	324	293
369	41780	324	475
394	41880	424	1183
394	41880	424	26
394	41880	424	177
394	41880	424	299
394	41880	424	721
394	41880	424	1961
394	41880	424	1886
394	41880	424	810
298	41530	74	289
298	41530	74	439
298	41530	74	51
298	41530	74	209
298	41530	74	622
298	41530	74	1147
298	41530	74	1727
298	41530	74	1095
298	41530	74	1956
298	41530	74	110
324	41630	174	461
324	41630	174	1413
324	41630	174	698
324	41630	174	5
324	41630	174	1457
324	41630	174	514
324	41630	174	162
324	41630	174	851
324	41630	174	920
324	41630	174	169
324	41630	174	1638
324	41630	174	1456
324	41630	174	939
355	41730	274	441
355	41730	274	213
355	41730	274	539
355	41730	274	132
355	41730	274	525
355	41730	274	907
355	41730	274	1705
355	41730	274	312
355	41730	274	293
355	41730	274	767
382	41830	374	26
382	41830	374	1529
382	41830	374	646
382	41830	374	177
382	41830	374	882
382	41830	374	1789
382	41830	374	1961
382	41830	374	425
382	41830	374	1389
382	41830	374	606
289	41530	24	622
289	41530	24	1956
289	41530	24	351
289	41530	24	1953
289	41530	24	110
289	41530	24	1714
289	41530	24	1756
289	41530	24	439
289	41530	24	332
289	41530	24	1243
289	41530	24	209
289	41530	24	1600
289	41530	24	370
289	41530	24	553
289	41530	24	1614
315	41580	74	51
315	41580	74	1095
315	41580	74	1147
315	41580	74	78
315	41580	74	209
315	41580	74	143
315	41580	74	1613
323	41630	124	5
323	41630	124	920
323	41630	124	703
323	41630	124	851
323	41630	124	78
323	41630	124	34
323	41630	124	1735
323	41630	124	939
323	41630	124	143
323	41630	124	489
339	41680	174	162
339	41680	174	5
339	41680	174	169
339	41680	174	1237
339	41680	174	769
339	41680	174	1279
339	41680	174	1638
339	41680	174	1456
339	41680	174	175
339	41680	174	1960
339	41680	174	1220
339	41680	174	939
339	41680	174	685
339	41680	174	805
339	41680	174	34
339	41680	174	1318
339	41680	174	1099
339	41680	174	595
354	41730	224	132
354	41730	224	312
354	41730	224	1195
354	41730	224	1683
354	41730	224	1709
354	41730	224	169
354	41730	224	175
354	41730	224	836
354	41730	224	1281
354	41730	224	525
354	41730	224	1220
354	41730	224	941
354	41730	224	122
368	41780	274	907
368	41780	274	713
368	41780	274	441
368	41780	274	293
368	41780	274	475
368	41780	274	525
368	41780	274	767
368	41780	274	1086
368	41780	274	132
368	41780	274	1754
368	41780	274	558
368	41780	274	1330
368	41780	274	311
381	41830	324	882
381	41830	324	558
381	41830	324	425
381	41830	324	713
381	41830	324	1389
381	41830	324	606
381	41830	324	1460
381	41830	324	1587
381	41830	324	57
381	41830	324	1331
381	41830	324	1332
393	41880	374	177
393	41880	374	1961
393	41880	374	26
393	41880	374	299
393	41880	374	1389
393	41880	374	606
393	41880	374	1764
393	41880	374	810
393	41880	374	558
393	41880	374	1587
393	41880	374	1070
393	41880	374	57
393	41880	374	232
393	41880	374	1161
404	41930	424	177
404	41930	424	299
404	41930	424	200
404	41930	424	810
404	41930	424	1621
404	41930	424	1106
404	41930	424	394
306	41580	24	209
306	41580	24	110
306	41580	24	1614
306	41580	24	78
306	41580	24	143
306	41580	24	1935
306	41580	24	185
306	41580	24	848
306	41580	24	1590
338	41680	124	939
338	41680	124	34
338	41680	124	5
338	41680	124	258
338	41680	124	489
338	41680	124	595
338	41680	124	477
338	41680	124	78
338	41680	124	1251
338	41680	124	544
338	41680	124	39
367	41780	224	525
367	41780	224	132
367	41780	224	1086
367	41780	224	941
367	41780	224	836
367	41780	224	713
367	41780	224	311
367	41780	224	122
367	41780	224	160
367	41780	224	712
367	41780	224	1197
392	41880	324	606
392	41880	324	1587
392	41880	324	558
392	41880	324	57
392	41880	324	1332
392	41880	324	232
392	41880	324	1331
392	41880	324	1161
392	41880	324	1313
392	41880	324	250
392	41880	324	1484
392	41880	324	483
392	41880	324	38
331	41630	74	143
331	41630	74	78
331	41630	74	34
331	41630	74	185
331	41630	74	1025
331	41630	74	489
331	41630	74	1935
331	41630	74	212
331	41630	74	127
353	41730	174	1220
353	41730	174	175
353	41730	174	836
353	41730	174	685
353	41730	174	122
353	41730	174	5
353	41730	174	595
353	41730	174	1846
353	41730	174	1051
353	41730	174	1251
353	41730	174	1787
353	41730	174	160
353	41730	174	1753
353	41730	174	977
353	41730	174	754
353	41730	174	802
380	41830	274	713
380	41830	274	558
380	41830	274	293
380	41830	274	1066
380	41830	274	1331
380	41830	274	1330
380	41830	274	1332
380	41830	274	1275
380	41830	274	311
380	41830	274	108
403	41930	374	810
403	41930	374	299
403	41930	374	177
403	41930	374	1764
403	41930	374	200
403	41930	374	1106
403	41930	374	57
403	41930	374	394
403	41930	374	232
403	41930	374	990
403	41930	374	1161
403	41930	374	250
403	41930	374	1591
403	41930	374	101
403	41930	374	263
322	41630	24	1935
322	41630	24	78
322	41630	24	185
322	41630	24	143
322	41630	24	1590
322	41630	24	127
322	41630	24	550
322	41630	24	262
322	41630	24	82
322	41630	24	1180
322	41630	24	871
322	41630	24	531
322	41630	24	163
322	41630	24	1171
346	41680	74	34
346	41680	74	78
346	41680	74	489
346	41680	74	1025
346	41680	74	477
346	41680	74	143
346	41680	74	212
346	41680	74	544
346	41680	74	127
346	41680	74	245
346	41680	74	39
346	41680	74	403
352	41730	124	595
352	41730	124	1251
352	41730	124	5
352	41730	124	1846
352	41730	124	625
352	41730	124	258
352	41730	124	489
352	41730	124	754
352	41730	124	544
352	41730	124	39
352	41730	124	352
352	41730	124	802
352	41730	124	1291
352	41730	124	806
352	41730	124	465
352	41730	124	562
366	41780	174	160
366	41780	174	122
366	41780	174	311
366	41780	174	977
366	41780	174	802
366	41780	174	72
366	41780	174	1197
366	41780	174	754
366	41780	174	1880
366	41780	174	161
366	41780	174	905
366	41780	174	257
379	41830	224	311
379	41830	224	712
379	41830	224	713
379	41830	224	108
379	41830	224	1197
379	41830	224	1750
379	41830	224	1880
379	41830	224	733
391	41880	274	1332
391	41880	274	1275
391	41880	274	57
391	41880	274	713
391	41880	274	1484
391	41880	274	38
391	41880	274	1674
391	41880	274	159
391	41880	274	1673
402	41930	324	1161
402	41930	324	232
402	41930	324	250
402	41930	324	1313
402	41930	324	57
402	41930	324	560
402	41930	324	483
402	41930	324	101
402	41930	324	990
402	41930	324	1484
402	41930	324	1314
402	41930	324	263
402	41930	324	1769
402	41930	324	1366
402	41930	324	1919
402	41930	324	50
402	41930	324	38
402	41930	324	1347
412	41980	374	394
412	41980	374	990
412	41980	374	101
412	41980	374	275
412	41980	374	263
412	41980	374	952
337	41680	24	127
337	41680	24	143
337	41680	24	212
337	41680	24	1180
337	41680	24	840
337	41680	24	39
337	41680	24	1767
337	41680	24	1827
337	41680	24	185
337	41680	24	749
337	41680	24	531
337	41680	24	163
337	41680	24	1681
337	41680	24	1171
365	41780	124	802
365	41780	124	352
365	41780	124	161
365	41780	124	5
365	41780	124	465
365	41780	124	905
365	41780	124	806
365	41780	124	562
365	41780	124	1607
365	41780	124	257
365	41780	124	300
365	41780	124	785
390	41880	224	713
390	41880	224	159
390	41880	224	108
390	41880	224	38
390	41880	224	733
390	41880	224	587
390	41880	224	678
411	41980	324	101
411	41980	324	263
411	41980	324	57
411	41980	324	50
411	41980	324	952
411	41980	324	1593
411	41980	324	1061
411	41980	324	1803
411	41980	324	1497
411	41980	324	1347
411	41980	324	1315
411	41980	324	109
411	41980	324	223
411	41980	324	529
360	41730	74	544
360	41730	74	39
360	41730	74	245
360	41730	74	258
360	41730	74	403
360	41730	74	683
360	41730	74	562
360	41730	74	465
360	41730	74	708
360	41730	74	895
378	41830	174	311
378	41830	174	1880
378	41830	174	108
378	41830	174	1660
378	41830	174	535
378	41830	174	257
378	41830	174	1282
378	41830	174	919
378	41830	174	733
401	41930	274	57
401	41930	274	38
401	41930	274	1769
401	41930	274	483
401	41930	274	1128
401	41930	274	1623
401	41930	274	50
401	41930	274	1347
401	41930	274	1181
401	41930	274	1824
401	41930	274	109
401	41930	274	798
351	41730	24	39
351	41730	24	403
351	41730	24	683
351	41730	24	258
351	41730	24	557
351	41730	24	212
351	41730	24	980
351	41730	24	895
351	41730	24	1260
351	41730	24	1416
351	41730	24	199
373	41780	74	562
373	41780	74	465
373	41780	74	785
373	41780	74	161
373	41780	74	1777
373	41780	74	708
373	41780	74	1934
373	41780	74	258
373	41780	74	895
373	41780	74	300
373	41780	74	683
373	41780	74	1866
373	41780	74	252
373	41780	74	403
373	41780	74	96
373	41780	74	1974
377	41830	124	257
377	41830	124	1282
377	41830	124	161
377	41830	124	753
377	41830	124	300
377	41830	124	919
377	41830	124	108
377	41830	124	86
377	41830	124	1495
389	41880	174	733
389	41880	174	713
389	41880	174	108
389	41880	174	38
389	41880	174	535
389	41880	174	1491
389	41880	174	678
389	41880	174	1538
389	41880	174	86
389	41880	174	48
400	41930	224	38
400	41930	224	1181
400	41930	224	587
400	41930	224	1431
400	41930	224	1824
400	41930	224	109
400	41930	224	180
400	41930	224	1204
410	41980	274	1347
410	41980	274	50
410	41980	274	1497
410	41980	274	38
410	41980	274	109
410	41980	274	1061
410	41980	274	1671
410	41980	274	529
410	41980	274	953
410	41980	274	1263
410	41980	274	798
410	41980	274	1077
410	41980	274	455
410	41980	274	40
419	42030	324	952
419	42030	324	223
419	42030	324	1315
419	42030	324	529
419	42030	324	1077
419	42030	324	109
364	41780	24	895
364	41780	24	683
364	41780	24	403
364	41780	24	252
364	41780	24	1010
364	41780	24	1866
364	41780	24	96
364	41780	24	1416
364	41780	24	199
364	41780	24	212
364	41780	24	829
364	41780	24	1974
364	41780	24	1752
364	41780	24	1758
364	41780	24	699
364	41780	24	24
364	41780	24	1052
364	41780	24	1343
364	41780	24	1069
364	41780	24	19
364	41780	24	1238
388	41880	124	108
388	41880	124	86
388	41880	124	1837
388	41880	124	104
388	41880	124	48
388	41880	124	290
388	41880	124	173
388	41880	124	1386
388	41880	124	1790
409	41980	224	38
409	41980	224	798
409	41980	224	1263
409	41980	224	109
409	41980	224	180
409	41980	224	455
409	41980	224	1716
409	41980	224	40
409	41980	224	1204
409	41980	224	1429
385	41830	74	300
385	41830	74	108
385	41830	74	1866
385	41830	74	96
385	41830	74	1974
385	41830	74	376
385	41830	74	1495
385	41830	74	690
385	41830	74	520
385	41830	74	1592
399	41930	174	38
399	41930	174	587
399	41930	174	678
399	41930	174	1538
399	41930	174	704
399	41930	174	48
399	41930	174	180
399	41930	174	1119
399	41930	174	86
399	41930	174	1448
399	41930	174	1206
399	41930	174	1204
399	41930	174	1207
399	41930	174	1446
418	42030	274	529
418	42030	274	1077
418	42030	274	109
418	42030	274	223
418	42030	274	455
418	42030	274	40
418	42030	274	951
418	42030	274	1387
418	42030	274	1968
418	42030	274	662
418	42030	274	1338
418	42030	274	452
376	41830	24	1974
376	41830	24	96
376	41830	24	24
376	41830	24	376
376	41830	24	252
376	41830	24	11
376	41830	24	1304
376	41830	24	208
376	41830	24	1383
376	41830	24	1993
376	41830	24	1514
376	41830	24	565
376	41830	24	195
376	41830	24	488
376	41830	24	775
396	41880	74	108
396	41880	74	1495
396	41880	74	1494
396	41880	74	690
396	41880	74	104
396	41880	74	1592
396	41880	74	520
396	41880	74	376
396	41880	74	542
396	41880	74	1790
396	41880	74	11
396	41880	74	1524
398	41930	124	86
398	41930	124	1119
398	41930	124	173
398	41930	124	290
398	41930	124	1448
398	41930	124	1446
398	41930	124	104
398	41930	124	1790
398	41930	124	12
398	41930	124	694
398	41930	124	1123
398	41930	124	466
408	41980	174	180
408	41980	174	1204
408	41980	174	1207
408	41980	174	371
408	41980	174	946
408	41980	174	1206
408	41980	174	704
408	41980	174	637
408	41980	174	109
408	41980	174	1446
408	41980	174	12
417	42030	224	40
417	42030	224	109
417	42030	224	662
417	42030	224	180
417	42030	224	1046
417	42030	224	452
417	42030	224	922
417	42030	224	99
425	42080	274	1968
425	42080	274	223
425	42080	274	1338
425	42080	274	669
425	42080	274	662
425	42080	274	99
425	42080	274	1724
387	41880	24	376
387	41880	24	11
387	41880	24	1524
387	41880	24	520
387	41880	24	108
387	41880	24	542
387	41880	24	565
387	41880	24	488
387	41880	24	775
387	41880	24	578
387	41880	24	1339
387	41880	24	1550
387	41880	24	1645
387	41880	24	1284
387	41880	24	757
387	41880	24	15
387	41880	24	190
407	41980	124	1446
407	41980	124	12
407	41980	124	1119
407	41980	124	637
407	41980	124	966
407	41980	124	371
407	41980	124	180
407	41980	124	466
407	41980	124	659
407	41980	124	551
424	42080	224	662
424	42080	224	452
424	42080	224	1338
424	42080	224	669
424	42080	224	99
424	42080	224	417
424	42080	224	1724
424	42080	224	922
424	42080	224	1463
405	41930	74	1790
405	41930	74	104
405	41930	74	290
405	41930	74	1123
405	41930	74	542
405	41930	74	694
405	41930	74	108
405	41930	74	466
405	41930	74	999
405	41930	74	1931
405	41930	74	537
405	41930	74	1670
405	41930	74	722
405	41930	74	637
416	42030	174	180
416	42030	174	109
416	42030	174	662
416	42030	174	1675
416	42030	174	922
416	42030	174	1384
416	42030	174	371
416	42030	174	227
416	42030	174	1900
397	41930	24	108
397	41930	24	542
397	41930	24	1339
397	41930	24	1670
397	41930	24	52
397	41930	24	11
397	41930	24	637
397	41930	24	1918
397	41930	24	191
397	41930	24	1657
397	41930	24	190
397	41930	24	999
397	41930	24	402
397	41930	24	827
397	41930	24	1356
397	41930	24	954
397	41930	24	902
397	41930	24	722
397	41930	24	1656
397	41930	24	453
397	41930	24	1233
397	41930	24	714
397	41930	24	1740
397	41930	24	1503
397	41930	24	1324
413	41980	74	466
413	41980	74	1123
413	41980	74	537
413	41980	74	12
413	41980	74	722
413	41980	74	999
413	41980	74	551
413	41980	74	542
413	41980	74	637
413	41980	74	969
413	41980	74	1076
415	42030	124	180
415	42030	124	1900
415	42030	124	659
415	42030	124	764
415	42030	124	637
415	42030	124	227
415	42030	124	12
415	42030	124	1675
415	42030	124	551
415	42030	124	99
423	42080	174	662
423	42080	174	922
423	42080	174	996
423	42080	174	99
423	42080	174	1675
423	42080	174	1463
423	42080	174	1731
423	42080	174	476
423	42080	174	1876
423	42080	174	1114
430	42130	224	417
430	42130	224	99
430	42130	224	1352
430	42130	224	1319
430	42130	224	1350
430	42130	224	1463
430	42130	224	476
430	42130	224	1351
406	41980	24	542
406	41980	24	999
406	41980	24	722
406	41980	24	637
406	41980	24	889
406	41980	24	1631
406	41980	24	1076
406	41980	24	453
406	41980	24	759
406	41980	24	1324
406	41980	24	1184
406	41980	24	20
406	41980	24	1043
406	41980	24	1096
406	41980	24	1295
406	41980	24	1488
422	42080	124	1675
422	42080	124	227
422	42080	124	1731
422	42080	124	99
422	42080	124	659
422	42080	124	1114
422	42080	124	637
422	42080	124	764
422	42080	124	354
420	42030	74	551
420	42030	74	12
420	42030	74	637
420	42030	74	722
420	42030	74	969
420	42030	74	1772
420	42030	74	659
420	42030	74	1256
420	42030	74	1065
420	42030	74	963
420	42030	74	482
429	42130	174	1463
429	42130	174	99
429	42130	174	476
429	42130	174	1114
429	42130	174	1351
429	42130	174	1798
429	42130	174	251
429	42130	174	1326
429	42130	174	1556
414	42030	24	637
414	42030	24	969
414	42030	24	1082
414	42030	24	1043
414	42030	24	12
414	42030	24	1013
414	42030	24	1096
414	42030	24	1746
414	42030	24	20
414	42030	24	1065
414	42030	24	963
414	42030	24	442
414	42030	24	1747
414	42030	24	1902
414	42030	24	1377
414	42030	24	400
414	42030	24	404
414	42030	24	458
414	42030	24	866
414	42030	24	1344
426	42080	74	659
426	42080	74	764
426	42080	74	637
426	42080	74	354
426	42080	74	227
426	42080	74	482
426	42080	74	963
426	42080	74	1794
426	42080	74	617
426	42080	74	961
426	42080	74	1793
426	42080	74	1083
428	42130	124	99
428	42130	124	227
428	42130	124	251
428	42130	124	1078
428	42130	124	235
428	42130	124	885
428	42130	124	687
428	42130	124	349
428	42130	124	780
434	42180	174	99
434	42180	174	1798
434	42180	174	1326
434	42180	174	583
434	42180	174	251
434	42180	174	1556
421	42080	24	963
421	42080	24	1794
421	42080	24	1065
421	42080	24	482
421	42080	24	637
421	42080	24	1793
421	42080	24	225
421	42080	24	1628
421	42080	24	458
421	42080	24	1083
421	42080	24	866
421	42080	24	1293
421	42080	24	310
421	42080	24	1723
433	42180	124	251
433	42180	124	1556
433	42180	124	1326
433	42180	124	349
433	42180	124	1562
433	42180	124	780
433	42180	124	1127
433	42180	124	235
433	42180	124	369
433	42180	124	1546
431	42130	74	227
431	42130	74	235
431	42130	74	813
431	42130	74	617
431	42130	74	637
431	42130	74	961
431	42130	74	349
431	42130	74	780
431	42130	74	396
431	42130	74	878
431	42130	74	1762
427	42130	24	637
427	42130	24	225
427	42130	24	878
427	42130	24	973
427	42130	24	458
427	42130	24	571
427	42130	24	396
427	42130	24	342
427	42130	24	1394
427	42130	24	1835
427	42130	24	1136
427	42130	24	386
427	42130	24	1179
427	42130	24	1262
435	42180	74	780
435	42180	74	235
435	42180	74	1762
435	42180	74	396
435	42180	74	1493
435	42180	74	878
435	42180	74	369
435	42180	74	1546
435	42180	74	637
435	42180	74	1405
435	42180	74	1890
435	42180	74	1312
435	42180	74	1816
435	42180	74	386
437	42230	124	251
437	42230	124	1127
437	42230	124	369
437	42230	124	235
437	42230	124	1546
437	42230	124	731
432	42180	24	396
432	42180	24	878
432	42180	24	637
432	42180	24	235
432	42180	24	386
432	42180	24	1426
432	42180	24	1262
432	42180	24	763
432	42180	24	896
432	42180	24	196
432	42180	24	1572
432	42180	24	1385
432	42180	24	534
432	42180	24	1246
432	42180	24	1921
432	42180	24	147
432	42180	24	974
432	42180	24	1240
438	42230	74	369
438	42230	74	1546
438	42230	74	235
438	42230	74	1816
438	42230	74	731
438	42230	74	934
438	42230	74	779
438	42230	74	1580
438	42230	74	386
438	42230	74	896
438	42230	74	378
438	42230	74	1815
436	42230	24	386
436	42230	24	896
436	42230	24	369
436	42230	24	1129
436	42230	24	1815
436	42230	24	147
436	42230	24	1202
436	42230	24	779
436	42230	24	569
436	42230	24	1130
436	42230	24	1003
436	42230	24	868
436	42230	24	816
436	42230	24	1035
436	42230	24	1959
436	42230	24	837
436	42230	24	1864
440	42280	74	1580
440	42280	74	779
440	42280	74	369
440	42280	74	994
440	42280	74	1298
440	42280	74	837
440	42280	74	269
439	42280	24	779
439	42280	24	369
439	42280	24	1202
439	42280	24	837
439	42280	24	1035
439	42280	24	580
439	42280	24	148
439	42280	24	254
439	42280	24	1954
439	42280	24	269
439	42280	24	346
439	42280	24	816
439	42280	24	1107
439	42280	24	1037
439	42280	24	1433
439	42280	24	1280
439	42280	24	774
439	42280	24	308
439	42280	24	411
439	42280	24	1089
439	42280	24	705
439	42280	24	1192
441	42330	24	269
441	42330	24	346
441	42330	24	308
441	42330	24	501
441	42330	24	837
441	42330	24	705
441	42330	24	1192
441	42330	24	31
441	42330	24	313
441	42330	24	918
441	42330	24	653
441	42330	24	654
441	42330	24	787
441	42330	24	1306
