x	y	showSelected1
3.8333383889394	3.16992500144231	1
2.9731278535997	1.58496250072116	2
2.70586371228392	1	3
2.96284268120124	1	4
4.01309013812506	3.4594316186373	5
3.7462448717202	2.58496250072116	6
3.68430664607163	2.58496250072116	7
4.41652401426865	4.58496250072116	8
4.15905560351349	3.90689059560852	9
3.86758532654704	2.8073549220576	10
3.46908529912312	2	11
3.81036695368163	2.8073549220576	12
3.7900739484263	3.16992500144231	13
4.0076197745174	3	14
1.39794000867204	0	15
3.80154090619032	3	16
3.79246173134695	3.16992500144231	17
3.49540556314619	2	18
2.03742649794062	0	19
3.27114431794908	1	20
3.8593785044256	2.8073549220576	21
3.82529626443096	3.16992500144231	22
3.27806733088866	1.58496250072116	23
3.12123145514962	1	24
4.09127996422884	3.58496250072116	25
3.94026739144601	3.32192809488736	26
3.42683645380351	2.8073549220576	27
3.79190108000957	2.58496250072116	28
4.40476531840231	4.4594316186373	29
4.43727479741012	4.4594316186373	30
1.86332286012046	0	31
3.76365257056453	3	32
3.32572085801941	1.58496250072116	33
3.43822580760453	2.32192809488736	34
3.02694162795903	1.58496250072116	35
3.86462972454551	3.16992500144231	36
3.23502315949522	1.58496250072116	37
4.01439451627354	3.32192809488736	38
3.60948768985329	2.58496250072116	39
3.36361197989214	2	40
3.69966432020237	2.32192809488736	41
3.44498111208794	2	42
3.43743344379797	2.32192809488736	43
3.11327469246435	0	44
3.35102285258412	2	45
2.98407703390283	1.58496250072116	46
3.93013364584112	3	47
2.87390159786446	1.58496250072116	48
3.40122816749811	2	49
3.30449052777349	2	50
3.54282542695918	2.32192809488736	51
3.00086772153123	0	52
2.81424759573192	1	53
3.61573968861916	2.8073549220576	54
3.79483645781456	2.58496250072116	55
3.46014581749175	2.32192809488736	56
3.884851982746	3	57
3.23451728351269	2	58
3.73980959902136	2.8073549220576	59
3.4379090355395	2.58496250072116	60
3.40857912540867	2	61
3.46523409498801	2	62
3.17724783625562	1.58496250072116	63
4.26960633083948	3.8073549220576	64
3.88935773688893	3.16992500144231	65
2.89707700320942	0	66
3.0565237240791	2	67
3.02160271602824	1	68
3.61129836229643	2.32192809488736	69
2.7481880270062	1	70
2.83250891270624	1	71
3.20030318298159	0	72
3.42275394130135	2.32192809488736	73
2.71850168886727	1	74
3.32118402730231	2	75
3.2559957267224	1.58496250072116	76
2.49554433754645	0	77
3.92921450373739	3	78
3.41313205043487	2.8073549220576	79
3.85339397745067	2.8073549220576	80
3.74162425750381	2.8073549220576	81
2.57403126772772	0	82
2.38021124171161	0	83
3.45848676379821	2.32192809488736	84
3.5399538416564	2.8073549220576	85
3.14798532068381	2.32192809488736	86
4.16885090370955	3.58496250072116	87
3.88400192476879	3	88
4.14391993838584	3.16992500144231	89
3.78717699247055	3.4594316186373	90
3.43775056282039	2	91
3.03702787975578	1	92
3.42829681398288	2	93
2.83314711191279	1	94
3.17811325231463	1.58496250072116	95
3.38952046584638	2	96
3.69504365882129	2.32192809488736	97
3.20167017964658	1.58496250072116	98
4.08443327678654	3.32192809488736	99
3.56026539786271	2.32192809488736	100
3.47261019759605	2	101
3.86905561870191	3	102
2.90363251608424	1	103
3.47508980338901	2	104
2.86093662070009	1	105
3.98290411779263	3.4594316186373	106
3.44715803134222	2	107
4.09708369606652	3.58496250072116	108
3.83046035003097	3.32192809488736	109
3.82814410730379	2.32192809488736	110
3.30470589821277	1	111
3.2294258479207	1.58496250072116	112
3.502836638621	2.32192809488736	113
3.70739983113325	3	114
3.89164894387056	3.16992500144231	115
2.96189547366785	1.58496250072116	116
3.8319976772359	2.32192809488736	117
3.23653726148869	2	118
3.34321159017975	1.58496250072116	119
3.23044892137827	1.58496250072116	120
3.65886959220196	2.58496250072116	121
3.43071988786328	2	122
3.07151380509509	2	123
3.49748253736737	2.32192809488736	124
3.40157284567645	2	125
3.7431960814487	2.58496250072116	126
2.29003461136252	2	127
3.46284703583167	1.58496250072116	128
3.4364806950095	2	129
3.51375015008182	2.32192809488736	130
1.61278385671974	0	131
3.83714634390906	2.8073549220576	132
3.45757914699576	2.58496250072116	133
3.98118413739835	3	134
3.04414762087872	1.58496250072116	135
2.60959440922522	0	136
3.32572085801941	2	137
3.86063741677375	3	138
3.87943996599522	3	139
3	1.58496250072116	140
2.98227123303957	2	141
3.38273726576133	1.58496250072116	142
3.65456155474174	3	143
3.58478337899651	2.32192809488736	144
2.23552844690755	0	145
2.70329137811866	1	146
1.83884909073726	1	147
2.02118929906994	0	148
3.38237730346811	2	149
3.09061070782841	1.58496250072116	150
3.12936759572299	2	151
2.94299959336604	2	152
3.73407940728059	3.32192809488736	153
3.26078666865498	1.58496250072116	154
3.20057692675485	1.58496250072116	155
2.44715803134222	1	156
2.61489721603313	0	157
3.05804623039528	1.58496250072116	158
2.9804578922761	1	159
2.91275330367132	1.58496250072116	160
3.36810085170935	2	161
3.08170727009735	2	162
2.77158748088126	1	163
3.2626883443017	2	164
2.87215627274829	1	165
3.00817418400643	2	166
3.80543288813214	3	167
3.60766943668824	2.8073549220576	168
3.26126286879249	2	169
3.91243463337557	3	170
3.91407858538911	2.8073549220576	171
3.6891311972345	2.58496250072116	172
3.27230584440209	1	173
3.44777800929462	2	174
3.39672227850377	2	175
3.23552844690755	2	176
3.83257277484618	2.8073549220576	177
3.12872228433843	2	178
2.62531245096167	1	179
3.77158748088126	3	180
3.26599637049508	2	181
2.65030752313194	1	182
3.28668096935493	2.32192809488736	183
3.08564728829686	1.58496250072116	184
3.52244423350632	2	185
2.73078227566639	1	186
3.59802407233419	2.58496250072116	187
2.59879050676312	1	188
3.69460519893357	2.8073549220576	189
2.01703333929878	1	190
2.37291200297011	0	191
2.36172783601759	1	192
2.8234742291703	2	193
3.32469391386177	1.58496250072116	194
1.90848501887865	0	195
2.48287358360875	0	196
3.47769992833213	2.58496250072116	197
3.24204423936955	1.58496250072116	198
2.01283722470517	1	199
3.14426277376199	1	200
3.38916608436453	2	201
4.02143739646709	2.8073549220576	202
2.59769518592551	1	203
3.18241465243455	1.58496250072116	204
3.64610952197885	2.8073549220576	205
3.27091163941048	2.32192809488736	206
3.83834526877599	3.16992500144231	207
2.13033376849501	0	208
3.45788189673399	2	209
3.73142758705095	2.58496250072116	210
2.78958071216443	2	211
3.6564815157905	2.32192809488736	212
2.71264970162721	1.58496250072116	213
2.89153745767256	1	214
3.62055244472944	2.32192809488736	215
2.91434315711944	1	216
3.77597433112937	3	217
2.88592633980143	1	218
3.0068937079479	1	219
4.05929829240807	3.70043971814109	220
2.9434945159061	1	221
3.99673051543515	3.32192809488736	222
3.41380251676935	2	223
3.34654855854847	2	224
3.2447717614953	1	225
3.43980621139333	2	226
3.65896484266444	2.58496250072116	227
2.8662873390842	0	228
3.94265281169321	3	229
3.33745926129066	2	230
3.96815593714997	3.16992500144231	231
3.14050804303818	2	232
3.31302311032324	1.58496250072116	233
3.56702636615906	2.58496250072116	234
3.83651399889067	2.8073549220576	235
3.43933269383026	2	236
3.46239799789896	2.32192809488736	237
2.73479982958885	1.58496250072116	238
3.77502760009884	3	239
2.45024910831936	1	240
3.90628115577215	3.16992500144231	241
1.7160033436348	0	242
3.94195841653081	3.70043971814109	243
3.09096307659573	2	244
2.73719264270474	1	245
3.68904233902817	2.8073549220576	246
3.73367865567709	2.58496250072116	247
3.24625231229932	2	248
3.25719842613934	2	249
2.9106244048892	1.58496250072116	250
3.37602918172818	2.32192809488736	251
3.46760810558363	1.58496250072116	252
3.28847280059978	1.58496250072116	253
1.34242268082221	0	254
2.41830129131975	0	255
2.09691001300806	1	256
3.43695733066945	2	257
3.60042832573213	2.32192809488736	258
2.86451108105839	2	259
3.7906369619317	2.8073549220576	260
3.13257984765974	1.58496250072116	261
1.95424250943932	0	262
2.87157293554588	2	263
3.53083977861652	2.58496250072116	264
2.91750550955255	1	265
2.36735592102602	0	266
2.24551266781415	0	267
3.12090281761453	1.58496250072116	268
2.59328606702046	1.58496250072116	269
2.9566485792052	1	270
2.45331834004704	2	271
3.08098704691089	1.58496250072116	272
3.75004531201177	3	273
1.68124123737559	0	274
2.35024801833416	0	275
3.21774707326279	1.58496250072116	276
3.1102529173534	2	277
2.59988307207369	0	278
2.1846914308176	1	279
3.06557971472845	1	280
2.68574173860226	0	281
2.50650503240487	1	282
3.38934331125208	2	283
2.20411998265593	0	284
3.94709046421962	3	285
2.98362628712453	2	286
3.38381536598043	2	287
3.11859536522376	2	288
3.67942789661212	2.58496250072116	289
3.18098558078673	1.58496250072116	290
2.60205999132796	1	291
2.61172330800734	1	292
3.42143939022005	2	293
2.8926510338773	0	294
2.94596070357757	1	295
3.28307497473547	2	296
2.35793484700045	1	297
2.22530928172586	0	298
3.55132798800385	2	299
3.31889771462749	2	300
3.44653716707364	2.58496250072116	301
2.51719589794997	1	302
2.58771096501891	0	303
3.45621415535799	2.32192809488736	304
3.96740755659747	3.16992500144231	305
3.01577875638904	1.58496250072116	306
2.98317507203781	1	307
2.48144262850231	1	308
2.91381385238372	1.58496250072116	309
2.00860017176192	0	310
3.70268896815913	2.58496250072116	311
3.2332500095411	1.58496250072116	312
2.42488163663107	0	313
2.72509452108147	0	314
3.01911629044707	1.58496250072116	315
3.49596039488171	2.32192809488736	316
3.60745502321467	2	317
2.95712819767681	0	318
2.47129171105894	1.58496250072116	319
3.28307497473547	1.58496250072116	320
3.17376882313665	1.58496250072116	321
2.58433122436753	1	322
3.31260043926126	1.58496250072116	323
2.69284691927723	2	324
3.3174364965351	1.58496250072116	325
1.74036268949424	1	326
2.86981820797933	1	327
3.01241537476243	1.58496250072116	328
3.52179164963912	2.58496250072116	329
1.81954393554187	0	330
3.01494034979294	1	331
2.00860017176192	1	332
3.42422807069598	2.32192809488736	333
4.02914017976432	3.58496250072116	334
3.43120288455652	1.58496250072116	335
2.63548374681491	2	336
3.30449052777349	2	337
3.06220580881971	1	338
2.99956548822598	0	339
2.85973856619715	1	340
3.01619735351244	2	341
1.64345267648619	0	342
2.70243053644553	1	343
3.20411998265593	2	344
3.85260196933824	3	345
3.0484418035504	1	346
3.95177450808173	3.16992500144231	347
2.6222140229663	1	348
2.75966784468963	1.58496250072116	349
2.83821922190763	1	350
2.51851393987789	1	351
2.83632411570675	1	352
2.96848294855394	0	353
2.69722934275972	1	354
3.12090281761453	1.58496250072116	355
3.06333335895175	2	356
3.26292546933183	2	357
2.88081359228079	1	358
2.77451696572855	1	359
2.80208925788173	1	360
3.53491410442987	2	361
2.71850168886727	1.58496250072116	362
3.53491410442987	2	363
2.48144262850231	2	364
2.41161970596323	1	365
1.69019608002851	0	366
3.1846914308176	1	367
3.80009818017478	3.16992500144231	368
3.72900270927219	2.8073549220576	369
1.74036268949424	0	370
3.08778141780954	1.58496250072116	371
3.47610671684019	2	372
2.78604121024255	1	373
2.99519629159718	2	374
2.70500795933334	1.58496250072116	375
3.50419891853945	2	376
2.95182303531591	1.58496250072116	377
2.62428209583567	0	378
1.93951925261862	0	379
2.55509444857832	1	380
2.92788341033071	1.58496250072116	381
1.50514997831991	1	382
3.01745072951054	2	383
3.12188798510368	1.58496250072116	384
2.98407703390283	1.58496250072116	385
3.50528567414413	2.32192809488736	386
3.58883172559421	2.8073549220576	387
2.31597034545692	1	388
2.73479982958885	1	389
1.73239375982297	1	390
2.41497334797082	1.58496250072116	391
3.10516942799933	1.58496250072116	392
2.95999483832842	1.58496250072116	393
3.10516942799933	1.58496250072116	394
2.61489721603313	1	395
3.16790781000148	2	396
2.71096311899528	2	397
2.62838893005031	0	398
3.47202469770028	2	399
2.09342168516224	0	400
3.69072754387037	2.8073549220576	401
1.50514997831991	0	402
3.4367985102318	2.32192809488736	403
2.09691001300806	0	404
3.11826472608948	1.58496250072116	405
2.65321251377534	1	406
3.67988194211286	2.32192809488736	407
2.19865708695442	0	408
2.7979596437372	1	409
3.23578087032756	2	410
1.89762709129044	0	411
3.64226661890267	2.32192809488736	412
3.05346260492546	2	413
2.84447717574568	1	414
2.34044411484012	0	415
4.04103720786703	3.16992500144231	416
2.86981820797933	1	417
2.07554696139253	0	418
3.95177450808173	3.16992500144231	419
2.97358962342726	1.58496250072116	420
3.64659975172037	2.8073549220576	421
2.83695673705955	1.58496250072116	422
2.74429298312268	1.58496250072116	423
2.65127801399814	2	424
2.87852179550121	1	425
2.09342168516224	0	426
2.58206336291171	2	427
2.94250410616808	1	428
2.86391737695786	1	429
2.51454775266029	0	430
2.45331834004704	1.58496250072116	431
2.5092025223311	0	432
3.03742649794062	1.58496250072116	433
2.64738297011462	2	434
1.7481880270062	0	435
2.45788189673399	1	436
1.99563519459755	0	437
2.39619934709574	1	438
3.86675978349511	3.16992500144231	439
3.13353890837022	1.58496250072116	440
3.83001093593612	3	441
1.73239375982297	0	442
3.90800220117255	3.32192809488736	443
2.50379068305718	1	444
2.81888541459401	2	445
3.48172919696002	1.58496250072116	446
1.83884909073726	0	447
2.28330122870355	0	448
3.98962777074515	3.32192809488736	449
3.29225607135648	2	450
3.55254654795566	2.58496250072116	451
2.53402610605614	1.58496250072116	452
2.84198480459011	1	453
2.26481782300954	0	454
2.8228216453031	1.58496250072116	455
3.38165648258579	2.32192809488736	456
2.81756536955978	1.58496250072116	457
3.32076922833869	1.58496250072116	458
2.71011736511182	0	459
3.15014216184856	2	460
3.61542395288594	2.58496250072116	461
3.28307497473547	1.58496250072116	462
2.21748394421391	0	463
4.05986622041094	2.8073549220576	464
3.36021461329535	2	465
2.98766626492627	2	466
2.38560627359831	0	467
3.77844068357123	3.16992500144231	468
3.79028516403324	2.58496250072116	469
2.10380372095596	1	470
3.20682587603185	2	471
1.04139268515822	0	472
3.2964457942064	2	473
3.02816441942447	1	474
2.41830129131975	1	475
2.49276038902684	1.58496250072116	476
2.81157500587059	1	477
3.45484486000851	2	478
2.11058971029925	1	479
3.17782497186468	2	480
3.48058178682917	2.32192809488736	481
3.14921911265538	1.58496250072116	482
2.9731278535997	1.58496250072116	483
3.11327469246435	2	484
3.45316539252586	2.58496250072116	485
3.30813737863804	2.32192809488736	486
4.38667728396084	4.39231742277876	487
1.79934054945358	1	488
3.32817566143832	2.32192809488736	489
2.92324401863028	1	490
3.82698133691199	3.16992500144231	491
2.32837960343874	0	492
3.16286299332193	1.58496250072116	493
3.14238946611884	1.58496250072116	494
2.85247999363686	1	495
2.99431715266964	0	496
3.29468662427944	2	497
3.20493352235415	1.58496250072116	498
2.69372694892365	1	499
2.81888541459401	1.58496250072116	500
2.25527250510331	0	501
3.11958577496178	2.32192809488736	502
2.67209785793572	0	503
3.24427712080184	1	504
2.76117581315573	2	505
3.2964457942064	2.32192809488736	506
2.8109042806687	1	507
1.5910646070265	0	508
2.63144376901317	1.58496250072116	509
2.17318626841227	0	510
1.72427586960079	0	511
3.36304759452109	2	512
3.16286299332193	2	513
2.51321760006794	0	514
2.81491318127507	1.58496250072116	515
2.18752072083646	2	516
3.27207378750001	1.58496250072116	517
3.25285303097989	2	518
3.15198239545747	2	519
2.69897000433602	1.58496250072116	520
3.29688447553855	2.32192809488736	521
3.04453976039241	1	522
1.96378782734556	0	523
2.72427586960079	1	524
3.44341946178282	2.32192809488736	525
2.38381536598043	1	526
1.79934054945358	0	527
3.22297644989339	2	528
3.22737244228964	2	529
3.73973052856472	3	530
2.17897694729317	1	531
3.19920647916166	1	532
2.88930170250631	1.58496250072116	533
1.39794000867204	0	534
2.55630250076729	1	535
2.8555191556678	1	536
2.58206336291171	1	537
2.40140054078154	0	538
2.8767949762007	1.58496250072116	539
2.04532297878666	1	540
2.37839790094814	1.58496250072116	541
3.58602438238698	2.58496250072116	542
2.76566855475901	2	543
2.84323277809801	2	544
3.32221929473392	2.32192809488736	545
3.1102529173534	2	546
3.3040594662176	1.58496250072116	547
3.05307844348342	1	548
3.33061666729444	1.58496250072116	549
1.55630250076729	0	550
2.69810054562339	2	551
3.22271647114758	2	552
1.91381385238372	0	553
3.29468662427944	2.32192809488736	554
2.04921802267018	1	555
2.74663419893758	1	556
2.16136800223497	0	557
3.7131544018373	2.58496250072116	558
2.08278537031645	1	559
1.89209460269048	0	560
3.01199311465926	2	561
3.10991586302379	2	562
2.44090908206522	1	563
2.56110138364906	1	564
2.23552844690755	1	565
3.08386080086657	2	566
2.38381536598043	0	567
2.26245108973043	1	568
1.77085201164214	0	569
3.41346741298583	2	570
1.8750612633917	0	571
2.15836249209525	0	572
2.51321760006794	0	573
2.10037054511756	0	574
2.38738982633873	0	575
2.81690383937566	0	576
2.17609125905568	1	577
1.64345267648619	0	578
3.90162176409336	3	579
2.45788189673399	0	580
3.40329214515825	2	581
2.47129171105894	0	582
2.55388302664387	0	583
2.95856388322197	1	584
3.45484486000851	2.58496250072116	585
3.03261876085072	1	586
3.29754166781816	1.58496250072116	587
3.28712962071911	2	588
2.50650503240487	1	589
2.85064623518307	2	590
3.24501887073775	1	591
2.27646180417324	1	592
3.23274206272074	2	593
3.12188798510368	1	594
2.84633711212981	2	595
2.72098574415374	0	596
1.75587485567249	1.58496250072116	597
3.85150295277054	3	598
2.63144376901317	2	599
3.98592022012357	3.16992500144231	600
3.32633586092875	2	601
3.53491410442987	2	602
2.71096311899528	1	603
2.82801506422398	1.58496250072116	604
1.90308998699194	1	605
2.80753502806885	2	606
3.52827377716704	2.32192809488736	607
2.91750550955255	0	608
2.63948648926859	1.58496250072116	609
2.72997428569956	1.58496250072116	610
2.37106786227174	0	611
2.38560627359831	1	612
3.17026171539496	2	613
2.15228834438306	0	614
2.08278537031645	0	615
2.64443858946784	1	616
2.58433122436753	1	617
2.53402610605614	1.58496250072116	618
2.76789761601809	1	619
2.92479599579791	1	620
2.38021124171161	1	621
3.25358028956218	2	622
1.86332286012046	0	623
2.39269695325967	1	624
1.77085201164214	0	625
2.3541084391474	1	626
2.95472479097906	1.58496250072116	627
2.60097289568675	1.58496250072116	628
2.9106244048892	1.58496250072116	629
2.83250891270624	1	630
3.18582535961296	1.58496250072116	631
3.9650605206112	3	632
1.60205999132796	0	633
2.45024910831936	0	634
3.36567514045592	2	635
3.14395111642396	0	636
4.14912669974261	4	637
2.32014628611105	1	638
1.74036268949424	0	639
2.26481782300954	1	640
2.88024177589548	1	641
2.56466606425209	1.58496250072116	642
3.38827886345964	2	643
2.62117628177504	1	644
2.14921911265538	1.58496250072116	645
2.90200289135073	1	646
3.09656243837414	1.58496250072116	647
2.6170003411209	1	648
2.80277372529198	1.58496250072116	649
3.22453306260609	1	650
3.82197181764204	2.58496250072116	651
2.51188336097887	1	652
1.20411998265592	0	653
1.7160033436348	0	654
2.8394780473742	1.58496250072116	655
2.17897694729317	1	656
2.59328606702046	1	657
1.66275783168157	1	658
3.50691072555152	2.32192809488736	659
2.14612803567824	1	660
2.31386722036915	1.58496250072116	661
3.79434860389608	2.58496250072116	662
2.5092025223311	1	663
2.3747483460101	1	664
3.67080228426094	2	665
2.65417654187796	1	666
2.24797326636181	1	667
2.4983105537896	0	668
2.76117581315573	1	669
2.98587535730839	1	670
2.50650503240487	1	671
2.87909587950007	1	672
3.39410130204004	1.58496250072116	673
1.80617997398389	0	674
2.8488047010518	1	675
3.16316137497702	2	676
2.48995847942483	1	677
2.79657433321043	1.58496250072116	678
3.35295391171009	2	679
3.07371835034612	1	680
2.66931688056611	2	681
2.29446622616159	1	682
3.36791473879375	2	683
2.6730209071289	1.58496250072116	684
2.61804809671209	1	685
1.81291335664286	0	686
1.85733249643127	0	687
2.27875360095283	1	688
3.16316137497702	1	689
2.24797326636181	1	690
3.54703589974001	2.32192809488736	691
1.61278385671974	0	692
2.92272545799326	0	693
2.69983772586725	1	694
2.03742649794062	0	695
2.49136169383427	0	696
2.12057393120585	0	697
3.35926616460675	2.32192809488736	698
1.17609125905568	0	699
2.36172783601759	1.58496250072116	700
2.1430148002541	1	701
3.60831204269733	3	702
3.03221570329798	1	703
3.20493352235415	1	704
2.3541084391474	1	705
2.17318626841227	0	706
1.96378782734556	0	707
2.89762709129044	1	708
2.38021124171161	1	709
2.3541084391474	1	710
3.26834391395107	2	711
2.85369821177617	1	712
3.9624640460579	3.16992500144231	713
1.27875360095283	0	714
2.17897694729317	1	715
1.77815125038364	0	716
2.23044892137827	0	717
3.39462676427221	2	718
3.10174707394637	2	719
2.8228216453031	1.58496250072116	720
2.93094903116752	1.58496250072116	721
3.2417954312952	2.32192809488736	722
2.95036485437612	1	723
2.70842090013471	0	724
1.39794000867204	0	725
2.32428245529769	0	726
1.49136169383427	1	727
2.57170883180869	0	728
2.11394335230684	0	729
2.84695532501982	1.58496250072116	730
2.76863810124761	1	731
1.07918124604762	0	732
2.87390159786446	2	733
2.27415784926368	0	734
3.10482840365366	1	735
3.20655604409903	1	736
1.97772360528885	1	737
2.12385164096709	0	738
2.62940959910272	1	739
2.62531245096167	0	740
2.985426474083	1.58496250072116	741
1.91381385238372	1	742
3.07408468902824	2	743
1.39794000867204	0	744
1.81291335664286	1	745
2.7041505168398	1	746
1.7481880270062	0	747
2.78031731214015	0	748
1.39794000867204	0	749
2.46538285144842	1	750
2.29225607135648	1	751
3.15136985024746	2	752
2.38560627359831	0	753
2.57518784492766	1.58496250072116	754
1.43136376415899	0	755
2.20682587603185	0	756
1.9731278535997	0	757
2.89872518158949	1	758
2.10380372095596	0	759
1.90848501887865	0	760
2.40312052117582	0	761
1.77815125038364	2	762
2.66181268553726	0	763
2.91328390176042	1.58496250072116	764
2.25527250510331	0	765
1.77085201164214	1	766
2.61804809671209	1	767
3.18525876529659	1.58496250072116	768
2.2405492482826	1	769
2.51454775266029	1	770
2.39619934709574	0	771
2.51321760006794	1	772
3.35082927358297	2.32192809488736	773
1.65321251377534	0	774
1.6232492903979	1	775
2.2148438480477	0	776
2.07918124604762	0	777
3.17464119266045	1.58496250072116	778
3.30124708863621	2	779
3.00346053210951	2	780
3.12872228433843	2	781
1.20411998265592	0	782
1.55630250076729	0	783
2.86093662070009	2	784
2.56584781867352	1	785
2.54654266347813	0	786
1.32221929473392	0	787
2.13672056715641	0	788
2.41161970596323	1	789
2.5092025223311	2	790
2.70329137811866	0	791
2.49554433754645	1	792
2.71096311899528	2	793
2.31806333496276	1	794
2.04532297878666	0	795
2.66275783168157	1	796
2.83378437465648	1	797
2.22010808804006	1.58496250072116	798
2.75204844781944	1	799
2.76566855475901	1.58496250072116	800
1.27875360095283	0	801
2.93851972517649	2	802
2.64640372622307	1	803
2.0899051114394	1	804
2.37839790094814	0	805
2.55630250076729	1	806
2.48713837547719	1	807
1.74036268949424	0	808
1.90308998699194	0	809
2.14612803567824	2	810
2.34242268082221	1	811
3.1476763242411	1.58496250072116	812
3.01828430842653	0	813
2.88986172125819	0	814
3.70774045427377	2.58496250072116	815
2.08635983067475	1	816
2.13672056715641	0	817
1.63346845557959	0	818
2.1846914308176	0	819
2.47275644931721	1.58496250072116	820
2.91907809237607	2	821
1.77815125038364	0	822
2	0	823
3.04883008652835	1	824
2.70243053644553	2	825
2.25285303097989	0	826
1.53147891704226	0	827
2.57287160220048	1	828
0.698970004336019	0	829
2.35024801833416	1.58496250072116	830
2.42324587393681	1	831
3.00043407747932	1	832
2.94299959336604	2	833
2.78604121024255	1	834
2.90633504180509	1.58496250072116	835
3.18497519069826	1.58496250072116	836
3.29512708525219	2	837
2.28103336724773	1.58496250072116	838
2.02118929906994	0	839
2.39093510710338	0	840
1.75587485567249	0	841
2.79098847508882	0	842
2.54777470538782	1	843
2.4345689040342	1.58496250072116	844
2.56466606425209	1	845
2.35983548233989	0	846
2.44090908206522	0	847
1.94939000664491	0	848
2.28555730900777	0	849
1.94448267215017	0	850
2.96520170102591	1	851
2.53655844257153	0	852
1.73239375982297	0	853
2.65127801399814	1.58496250072116	854
1.95904139232109	0	855
1.7160033436348	0	856
2.18184358794477	1	857
2.46982201597816	0	858
2.55266821611219	2	859
1.568201724067	0	860
2.60097289568675	0	861
3.00987563371216	1	862
1.7160033436348	0	863
2.25285303097989	1	864
2.65513843481138	2	865
1.61278385671974	1	866
2.79098847508882	2	867
1.30102999566398	0	868
2.07554696139253	1	869
2.12057393120585	0	870
2	0	871
2.58319877396862	1.58496250072116	872
2.4456042032736	0	873
2.41995574848976	1	874
2.63042787502502	1	875
1.85125834871908	0	876
2.98497712641549	1	877
3.10957854690439	2	878
1.97772360528885	1	879
2.72015930340596	1	880
3.5992278627738	3	881
3.45621415535799	2	882
2.84385542262316	0	883
2.08635983067475	0	884
2.13672056715641	0	885
2.30319605742049	0	886
2.66745295288995	1	887
2.4996870826184	1	888
2.62117628177504	0	889
3.12188798510368	2	890
2.82477646247555	1	891
2.85308952985187	1	892
2.70243053644553	1	893
2.41329976408125	1	894
2.75815462196739	2	895
2.94694327069783	1.58496250072116	896
3.17753649992986	2	897
1.96378782734556	0	898
3.19005141775921	2	899
2.98452731334379	1	900
2.91698004732038	1	901
1.69897000433602	0	902
2.80413943233535	2	903
2.04532297878666	0	904
2.46834733041216	1	905
2.53907609879278	1.58496250072116	906
2.78461729263288	2	907
2.68841982200271	0	908
2.64933485871214	1.58496250072116	909
2.01283722470517	1	910
1.55630250076729	0	911
2.91855453055027	1	912
2.02938377768521	0	913
1.77815125038364	0	914
2.13672056715641	0	915
1.91381385238372	0	916
2.78318869107526	1.58496250072116	917
1.34242268082221	0	918
2.79726754083072	1	919
2.45024910831936	1	920
2.78461729263288	1	921
3.04296907339318	2	922
2.68484536164441	2	923
2.64542226934909	1	924
2.12057393120585	1	925
1.78532983501077	0	926
3.60390183173167	2.32192809488736	927
2.21218760440396	1.58496250072116	928
2.56584781867352	1	929
3.63326641115542	2.58496250072116	930
3.29424571613812	2	931
2.2405492482826	1	932
2.02938377768521	0	933
2.51982799377572	0	934
1.47712125471966	0	935
2.79028516403324	1	936
2.59439255037543	0	937
1.98227123303957	0	938
2.17609125905568	2	939
2.23044892137827	1	940
2.6232492903979	1	941
3.23401081758718	1.58496250072116	942
2.92992956008459	1.58496250072116	943
2.72997428569956	1.58496250072116	944
1.9912260756925	0	945
2.53147891704226	0	946
2.46982201597816	1	947
3.05842602445701	1	948
1.17609125905568	0	949
2.94694327069783	2	950
2.33645973384853	0	951
2.64246452024212	1.58496250072116	952
2.27646180417324	0	953
1.8750612633917	0	954
2.50105926221775	1	955
2.26481782300954	0	956
2.17897694729317	0	957
1.38021124171161	1	958
2.20139712432045	1	959
1.79934054945358	1	960
2.62013605497376	1	961
2.3654879848909	1	962
2.83821922190763	2	963
2.67117284271508	0	964
3.14270224573762	2	965
2.39093510710338	0	966
2.14921911265538	1	967
2.23299611039215	1	968
3.29863478312444	1.58496250072116	969
1.60205999132796	1	970
2.78604121024255	1.58496250072116	971
2.38201704257487	1	972
2.62634036737504	0	973
1.07918124604762	0	974
1.43136376415899	0	975
2.5854607295085	2	976
1.55630250076729	1	977
3.48315920971698	2.58496250072116	978
2.23044892137827	0	979
1.34242268082221	0	980
2.80685802951882	2	981
2.20682587603185	0	982
2.39967372148104	1.58496250072116	983
2.40993312333129	1	984
1.9731278535997	1	985
2.06818586174616	1	986
2.0899051114394	1	987
3.38703370128236	2	988
2.82216807936802	1	989
2.95520653754194	1.58496250072116	990
1.84509804001426	1	991
2.13353890837022	1	992
1.80617997398389	0	993
2.48144262850231	0	994
3.20763436738896	2	995
2.86510397464113	0	996
2.23044892137827	1	997
1.91907809237607	0	998
2.70070371714502	2	999
2.82542611776782	1	1000
2.61384182187607	0	1001
0.845098040014257	0	1002
2.10720996964787	0	1003
2.43136376415899	0	1004
2.52762990087134	1	1005
2.35983548233989	0	1006
1.77085201164214	1	1007
2.81888541459401	1	1008
3.27623195792183	2	1009
2.64048143697042	0	1010
2.00860017176192	1	1011
3.00945089579869	2	1012
2.13672056715641	0	1013
2.89153745767256	0	1014
2.28555730900777	0	1015
2.64246452024212	0	1016
2.06445798922692	0	1017
1.66275783168157	1	1018
1.46239799789896	0	1019
2.29225607135648	1	1020
2.23299611039215	0	1021
2.43616264704076	1	1022
2.29885307640971	1	1023
1.86332286012046	1.58496250072116	1024
2.55750720190566	1	1025
2.52891670027765	1	1026
2.05307844348342	0	1027
2.04921802267018	1	1028
2.19033169817029	0	1029
1.89762709129044	0	1030
3.06929801211553	1.58496250072116	1031
1.51851393987789	0	1032
1.34242268082221	0	1033
3.00389116623691	2	1034
2.43775056282039	1	1035
2.80753502806885	1	1036
1.8750612633917	0	1037
1.8750612633917	1	1038
3.07408468902824	1	1039
2.33041377334919	1	1040
1.90848501887865	0	1041
1.64345267648619	0	1042
2.41329976408125	1	1043
2.02938377768521	1	1044
1.76342799356294	1	1045
2.20682587603185	0	1046
2.13033376849501	1	1047
2.73078227566639	2	1048
2.63648789635337	1	1049
2.26007138798507	1	1050
2.02118929906994	0	1051
1.14612803567824	0	1052
1.85733249643127	0	1053
2.10380372095596	1.58496250072116	1054
2.00432137378264	1	1055
2.44247976906445	1	1056
2.32428245529769	0	1057
2.48572142648158	1	1058
2.74036268949424	0	1059
2.72916478969277	1	1060
2.8208579894397	1	1061
1.41497334797082	0	1062
1.74036268949424	1	1063
1.57978359661681	0	1064
2.91750550955255	1.58496250072116	1065
2.20951501454263	0	1066
2.38021124171161	1	1067
2.20682587603185	0	1068
1.39794000867204	0	1069
2.43296929087441	0	1070
1.90848501887865	0	1071
2.48000694295715	0	1072
1.17609125905568	0	1073
2.90955602924118	1	1074
2.39093510710338	0	1075
2.58319877396862	1	1076
2.65417654187796	1.58496250072116	1077
2.58433122436753	0	1078
3.32118402730231	2	1079
1.41497334797082	0	1080
2.30102999566398	1	1081
2.48287358360875	0	1082
2.40654018043396	1	1083
2.24303804868629	1	1084
2.30102999566398	1	1085
2.70757017609794	1	1086
2.07918124604762	1.58496250072116	1087
1.83884909073726	1	1088
2.03342375548695	0	1089
2.3096301674259	0	1090
2.44090908206522	1	1091
2.39093510710338	0	1092
1.77815125038364	0	1093
1.57978359661681	1	1094
2.86510397464113	1.58496250072116	1095
1.60205999132796	1	1096
1.92941892571429	0	1097
1.568201724067	1	1098
1.82607480270083	0	1099
2.06069784035361	1	1100
2.22530928172586	0	1101
1.568201724067	0	1102
0.954242509439325	0	1103
1.74036268949424	0	1104
1.46239799789896	0	1105
2.10037054511756	1	1106
1	0	1107
2.28555730900777	1	1108
2.38201704257487	0	1109
1.77085201164214	1	1110
2.55630250076729	0	1111
2.03342375548695	1	1112
2.50650503240487	1	1113
2.50650503240487	1.58496250072116	1114
1.64345267648619	0	1115
2.15533603746506	0	1116
1.98677173426624	0	1117
2.63948648926859	1	1118
3.33324569896196	1.58496250072116	1119
1.57978359661681	1	1120
2.92890769024395	1	1121
2.1846914308176	0	1122
3.42569721336259	1.58496250072116	1123
2.00860017176192	1	1124
2.26481782300954	1.58496250072116	1125
2.26717172840301	1.58496250072116	1126
2.8842287696326	1	1127
3.02489596010749	0	1128
2.73158876518674	0	1129
1.50514997831991	0	1130
1.86332286012046	0	1131
2.78318869107526	1	1132
2.92064500140679	0	1133
2.80888586735981	0	1134
2.20682587603185	0	1135
1.43136376415899	0	1136
1.75587485567249	0	1137
2.35602585719312	0	1138
2.85430604180108	1	1139
2.17897694729317	0	1140
2.23044892137827	0	1141
1.64345267648619	1	1142
1.07918124604762	0	1143
2.31175386105575	1	1144
0.903089986991944	0	1145
2.63042787502502	1	1146
3.0618293072947	1.58496250072116	1147
2.68033551341456	0	1148
1.96848294855394	1	1149
2.17897694729317	1	1150
1.55630250076729	1	1151
2.01283722470517	0	1152
2.3654879848909	1	1153
2.07554696139253	1	1154
1.7160033436348	2	1155
1.70757017609794	0	1156
2.76566855475901	1	1157
2.80345711564841	2	1158
2.01283722470517	0	1159
2.11394335230684	0	1160
1.7481880270062	2	1161
1.69019608002851	0	1162
1.75587485567249	0	1163
2.07554696139253	0	1164
1.41497334797082	0	1165
2.02118929906994	0	1166
2.35024801833416	0	1167
2.81954393554187	0	1168
3.64581511829664	3	1169
2.72509452108147	0	1170
2.25767857486918	1	1171
2.56702636615906	1	1172
2.37106786227174	1	1173
2.67669360962487	1.58496250072116	1174
1.72427586960079	1	1175
2.41329976408125	0	1176
2.31597034545692	2	1177
2.01703333929878	0	1178
1.23044892137827	0	1179
2.2380461031288	1	1180
2.71432975974523	1	1181
2.82216807936802	1	1182
2.6570558528571	2	1183
1.30102999566398	0	1184
1.6232492903979	0	1185
2.31386722036915	0	1186
2.80955971463527	0	1187
2.87621784059164	2	1188
1.7160033436348	0	1189
2.06818586174616	1	1190
2.58771096501891	1	1191
1.6232492903979	1	1192
1.568201724067	0	1193
2.25285303097989	0	1194
1.78532983501077	0	1195
2.29666519026153	1	1196
2.63447727016073	1.58496250072116	1197
1.73239375982297	1	1198
1.61278385671974	1	1199
2.10380372095596	1	1200
2.78958071216443	1.58496250072116	1201
3.12775251583297	1	1202
2.43933269383026	1	1203
2.99738638439731	2	1204
3.33965015761368	2	1205
2.58433122436753	1	1206
2.65030752313194	1	1207
3.03221570329798	2	1208
2.01703333929878	1	1209
1.38021124171161	0	1210
2.24303804868629	2	1211
2.54282542695918	0	1212
2.16136800223497	0	1213
1.50514997831991	1	1214
3.59889988706388	2.58496250072116	1215
1.41497334797082	1	1216
1.51851393987789	0	1217
2.64836001098093	2	1218
2.5910646070265	1	1219
2.06818586174616	2	1220
2.20411998265593	0	1221
1.55630250076729	0	1222
1.7481880270062	0	1223
1.14612803567824	0	1224
1.86923171973098	0	1225
2.12710479836481	0	1226
2.17609125905568	0	1227
1.34242268082221	0	1228
2.49554433754645	1	1229
1.91907809237607	0	1230
2.33041377334919	1	1231
2.05307844348342	1	1232
1.04139268515822	0	1233
2.02938377768521	0	1234
2.28103336724773	1	1235
2.39269695325967	1	1236
2.67209785793572	0	1237
1.55630250076729	0	1238
2.14921911265538	1	1239
0.903089986991944	0	1240
1.44715803134222	0	1241
2.05690485133647	1.58496250072116	1242
1.04139268515822	1	1243
1.76342799356294	0	1244
2.08278537031645	0	1245
1.49136169383427	0	1246
2.00860017176192	0	1247
2.89707700320942	1	1248
1.64345267648619	0	1249
2.06069784035361	0	1250
1.77815125038364	1.58496250072116	1251
1.85733249643127	0	1252
1.69897000433602	1	1253
1.96848294855394	1	1254
2.14921911265538	0	1255
2.3096301674259	0	1256
2.24303804868629	0	1257
1.04139268515822	0	1258
3.09691001300806	2	1259
1.34242268082221	0	1260
2.32014628611105	0	1261
2.47129171105894	1	1262
2.41995574848976	1	1263
3.52994340165867	2.32192809488736	1264
2.54282542695918	1	1265
2.11727129565576	2	1266
2.26717172840301	0	1267
2.34830486304816	1.58496250072116	1268
2.28780172993023	1	1269
2.29003461136252	2	1270
2.06818586174616	0	1271
2.3384564936046	1	1272
1.81954393554187	0	1273
2.11727129565576	0	1274
3.0899051114394	1	1275
2.34044411484012	0	1276
2.49136169383427	1	1277
1.88081359228079	0	1278
1.66275783168157	0	1279
0.903089986991944	0	1280
2.00860017176192	0	1281
2.7701152947871	1	1282
2.48855071650044	1	1283
1.20411998265592	0	1284
0.903089986991944	0	1285
2.8234742291703	1.58496250072116	1286
2.32014628611105	0	1287
1.91907809237607	0	1288
1.81954393554187	0	1289
2.17026171539496	1	1290
2.1846914308176	0	1291
1.7160033436348	0	1292
0.602059991327962	0	1293
2.13033376849501	1	1294
1.07918124604762	0	1295
2.02118929906994	1	1296
2.38738982633873	0	1297
1.8750612633917	0	1298
1.57978359661681	1	1299
2.69635638873333	1	1300
1.79239168949825	1	1301
1.46239799789896	0	1302
2.98000337158375	1	1303
1.34242268082221	0	1304
2.04921802267018	1	1305
1.27875360095283	0	1306
3.01241537476243	2	1307
1.93951925261862	0	1308
1.55630250076729	0	1309
1.83250891270624	1	1310
1.8750612633917	1	1311
2.21218760440396	0	1312
1.72427586960079	1	1313
1.85733249643127	0	1314
2.57863920996807	1	1315
1.04139268515822	0	1316
2.30535136944662	1	1317
1.49136169383427	0	1318
1.72427586960079	0	1319
1.90308998699194	1	1320
2.51454775266029	1	1321
0.477121254719662	0	1322
3.33142729652074	1.58496250072116	1323
2.03742649794062	1	1324
2.32014628611105	1	1325
2.9237619608287	1.58496250072116	1326
1.93951925261862	1	1327
2.17026171539496	0	1328
1.43136376415899	1	1329
2.4996870826184	1	1330
2.67117284271508	1.58496250072116	1331
3.10482840365366	2	1332
2.55388302664387	2	1333
2.03742649794062	1	1334
1.14612803567824	0	1335
1.38021124171161	0	1336
2.09691001300806	0	1337
2.88024177589548	1.58496250072116	1338
2.89707700320942	1	1339
1.30102999566398	0	1340
2.90955602924118	1	1341
1.83884909073726	0	1342
2.06069784035361	0	1343
1	0	1344
2.29446622616159	0	1345
2.37291200297011	0	1346
2.22271647114758	2	1347
1.49136169383427	0	1348
3.19423674872383	1.58496250072116	1349
1.9731278535997	0	1350
2.41329976408125	1	1351
1.76342799356294	0	1352
2.2718416065365	0	1353
1.77085201164214	0	1354
2.42324587393681	0	1355
1.27875360095283	0	1356
1.63346845557959	0	1357
2.10037054511756	2	1358
2.10720996964787	0	1359
1.32221929473392	0	1360
2.39093510710338	2	1361
2.04139268515823	0	1362
2.91328390176042	1.58496250072116	1363
1.43136376415899	0	1364
2.28780172993023	1	1365
1.66275783168157	0	1366
1.63346845557959	0	1367
1.66275783168157	1	1368
1.568201724067	0	1369
2.14921911265538	0	1370
3.02857125269254	1	1371
2.06818586174616	0	1372
1.38021124171161	0	1373
1.41497334797082	0	1374
1.95424250943932	1	1375
2.15533603746506	1	1376
1.41497334797082	0	1377
2.81224469680037	0	1378
2.09342168516224	2	1379
1.39794000867204	0	1380
2.02118929906994	1	1381
1.98677173426624	0	1382
1.27875360095283	0	1383
2.29885307640971	0	1384
0.698970004336019	0	1385
1.8750612633917	0	1386
2.46834733041216	0	1387
2.46239799789896	0	1388
2.71180722904119	1.58496250072116	1389
1.8750612633917	0	1390
2.22530928172586	0	1391
1.97772360528885	0	1392
2.07188200730613	1	1393
1.11394335230684	0	1394
2.00432137378264	0	1395
1.57978359661681	0	1396
1.39794000867204	0	1397
1.66275783168157	0	1398
2.19033169817029	1	1399
2.4345689040342	1	1400
2.19865708695442	0	1401
1.89762709129044	0	1402
1.97772360528885	1	1403
2.12385164096709	0	1404
2.00860017176192	0	1405
3.12090281761453	1.58496250072116	1406
1.79934054945358	0	1407
2.58771096501891	0	1408
2.959518376973	2	1409
1.95424250943932	1	1410
2.06818586174616	0	1411
2.4996870826184	0	1412
2.26007138798507	1.58496250072116	1413
1.53147891704226	0	1414
2.03342375548695	2	1415
2.36921585741014	1	1416
2.01283722470517	1	1417
1.81291335664286	0	1418
2.46834733041216	1.58496250072116	1419
1.69897000433602	0	1420
2.80208925788173	1.58496250072116	1421
1.89209460269048	0	1422
2.32837960343874	1	1423
2.48995847942483	0	1424
1.6232492903979	0	1425
2.51454775266029	0	1426
2.02118929906994	0	1427
2.66370092538965	1	1428
2.19033169817029	0	1429
1.78532983501077	0	1430
2.32014628611105	0	1431
1.55630250076729	0	1432
1.11394335230684	0	1433
1.79239168949825	0	1434
2.05307844348342	0	1435
1.69897000433602	0	1436
1.34242268082221	0	1437
2.05307844348342	0	1438
2.78887511577542	1	1439
2.62634036737504	1	1440
1.91907809237607	0	1441
2.22530928172586	0	1442
1.89762709129044	1	1443
2.8208579894397	1	1444
1.77815125038364	0	1445
3.03462845662532	2	1446
2.87390159786446	0	1447
2.5327543789925	1	1448
2.63042787502502	1	1449
2.36735592102602	1	1450
1.85733249643127	0	1451
2.07918124604762	1	1452
3.02036128264771	1.58496250072116	1453
2.58771096501891	1	1454
2.65417654187796	0	1455
1.90848501887865	1	1456
2.20139712432045	0	1457
2.39619934709574	0	1458
2.47129171105894	0	1459
1.57978359661681	0	1460
2.31175386105575	1	1461
2.04532297878666	1	1462
2.97173959088778	2	1463
2.85186960072977	1	1464
2.22530928172586	0	1465
1.95424250943932	0	1466
1.49136169383427	1	1467
1.7481880270062	0	1468
2.14921911265538	0	1469
2.06069784035361	0	1470
3.28623185402855	2	1471
2.88309335857569	2	1472
2.34242268082221	1	1473
2.12057393120585	1.58496250072116	1474
1.44715803134222	0	1475
1.50514997831991	0	1476
1.65321251377534	0	1477
1.53147891704226	0	1478
2.33041377334919	1	1479
1.92941892571429	1	1480
1.96848294855394	1	1481
2.35983548233989	1	1482
1.95424250943932	0	1483
2.45484486000851	1.58496250072116	1484
1.81954393554187	0	1485
2.67760695272049	1	1486
3.09864372581706	1.58496250072116	1487
1.57978359661681	0	1488
1.51851393987789	1	1489
1.41497334797082	0	1490
2.83442070368153	0	1491
2.08278537031645	0	1492
1.96848294855394	0	1493
2.22010808804006	0	1494
2	1.58496250072116	1495
1.61278385671974	0	1496
1.98677173426624	1	1497
2.568201724067	1.58496250072116	1498
2.06069784035361	0	1499
2.3541084391474	1	1500
2.39794000867204	1	1501
1.83884909073726	0	1502
1.51851393987789	0	1503
1.60205999132796	0	1504
2.87563993700417	0	1505
2.01283722470517	1	1506
1.47712125471966	0	1507
2.42488163663107	0	1508
2.6232492903979	1	1509
0.903089986991944	0	1510
1.88081359228079	0	1511
1.85125834871908	0	1512
2.46538285144842	0	1513
1.61278385671974	0	1514
1.9731278535997	0	1515
1.84509804001426	0	1516
1.83250891270624	1	1517
1.79239168949825	0	1518
0.698970004336019	0	1519
2.51982799377572	1	1520
2.57518784492766	1.58496250072116	1521
2.38201704257487	2	1522
2.62940959910272	1	1523
1.70757017609794	1	1524
1.85125834871908	0	1525
2.82412583391655	1.58496250072116	1526
2.1430148002541	0	1527
2.55509444857832	1	1528
1.76342799356294	1	1529
1.50514997831991	0	1530
1.70757017609794	0	1531
2.24551266781415	1	1532
1.51851393987789	1	1533
2.13987908640124	1	1534
1.93951925261862	1.58496250072116	1535
3.45803319249651	2.8073549220576	1536
2.40483371661994	0	1537
2.98272338766855	1	1538
1.99563519459755	0	1539
1.34242268082221	0	1540
3.1646502159343	1.58496250072116	1541
2.25767857486918	0	1542
1.25527250510331	2	1543
2.96848294855394	1	1544
2.04921802267018	2	1545
2.83569057149243	2	1546
2.02938377768521	0	1547
2.48287358360875	2	1548
2.36921585741014	0	1549
0.845098040014257	0	1550
1.39794000867204	0	1551
1.68124123737559	0	1552
1.99563519459755	0	1553
2.17026171539496	1	1554
2.33041377334919	0	1555
2.17609125905568	1.58496250072116	1556
3.82144801901753	3.16992500144231	1557
2.67209785793572	1.58496250072116	1558
2.86153441085904	1	1559
1.27875360095283	0	1560
2.51188336097887	1	1561
2.22271647114758	0	1562
2.62838893005031	0	1563
2.56466606425209	1	1564
2.02118929906994	1	1565
1.49136169383427	0	1566
1.11394335230684	0	1567
1.82607480270083	0	1568
2.04139268515823	0	1569
2.06445798922692	1	1570
2.13353890837022	2	1571
1.88649072517248	0	1572
1.88649072517248	1	1573
1.34242268082221	1	1574
1.84509804001426	0	1575
1.6232492903979	1	1576
2.53907609879278	2	1577
2.08635983067475	1	1578
1.85125834871908	0	1579
2.12385164096709	1	1580
1.36172783601759	0	1581
1.60205999132796	0	1582
1.57978359661681	1	1583
1.34242268082221	1	1584
1.68124123737559	0	1585
3.51534389308838	2.58496250072116	1586
2.20139712432045	1.58496250072116	1587
2.14921911265538	1	1588
1.53147891704226	0	1589
2.63245729218472	1	1590
1.568201724067	0	1591
2.56229286445647	1	1592
2.04139268515823	0	1593
1.07918124604762	0	1594
1.47712125471966	0	1595
2.64738297011462	1.58496250072116	1596
2.24303804868629	0	1597
2.13033376849501	1.58496250072116	1598
2.16731733474818	0	1599
1	0	1600
2.12057393120585	1	1601
1.54406804435028	1	1602
1.98677173426624	0	1603
2.06445798922692	1	1604
1.67209785793572	0	1605
2.2148438480477	1	1606
1.76342799356294	0	1607
2.90955602924118	1	1608
1.36172783601759	0	1609
2.4456042032736	1	1610
1.36172783601759	0	1611
1.94448267215017	0	1612
2.04532297878666	0	1613
2.8109042806687	1	1614
3.15198239545747	1.58496250072116	1615
2.23552844690755	1	1616
2.38738982633873	1	1617
1.30102999566398	1	1618
1.47712125471966	0	1619
1.95904139232109	0	1620
1.67209785793572	0	1621
2.23044892137827	0	1622
1.69019608002851	0	1623
2.03342375548695	0	1624
2.25042000230889	0	1625
1.51851393987789	0	1626
2.69019608002851	0	1627
2.75204844781944	0	1628
2.23552844690755	0	1629
2.03342375548695	1.58496250072116	1630
2.70586371228392	0	1631
2.45788189673399	1.58496250072116	1632
2.11058971029925	0	1633
1.76342799356294	0	1634
1.73239375982297	0	1635
2.31386722036915	0	1636
2.24551266781415	0	1637
1.67209785793572	1	1638
2.11727129565576	1	1639
2.28103336724773	1	1640
2.23552844690755	0	1641
2.04921802267018	1	1642
2.47275644931721	0	1643
2.50242711998443	1	1644
0	0	1645
1.95424250943932	2	1646
1.96378782734556	0	1647
2.45331834004704	1	1648
2	0	1649
2.38916608436453	1	1650
2.84385542262316	1	1651
1.14612803567824	1	1652
2.46239799789896	1	1653
0.954242509439325	0	1654
3.12123145514962	2	1655
0.845098040014257	0	1656
1.93449845124357	0	1657
1.11394335230684	0	1658
1.86332286012046	1	1659
2.84571801796666	0	1660
2.17609125905568	1.58496250072116	1661
1.57978359661681	0	1662
1.80617997398389	0	1663
1.6232492903979	1	1664
2.37291200297011	1	1665
2.13672056715641	1	1666
2.62117628177504	0	1667
3.29710365014926	2	1668
1.66275783168157	0	1669
2.3541084391474	1	1670
2.29003461136252	0	1671
2.68752896121463	1	1672
2.14612803567824	0	1673
2.16435285578444	0	1674
3.16046853111904	2	1675
3.05115252244738	1	1676
1.9731278535997	0	1677
1.07918124604762	0	1678
1.82607480270083	0	1679
1.82607480270083	0	1680
2.04139268515823	0	1681
1.95904139232109	2	1682
1.86923171973098	1	1683
1.64345267648619	1	1684
2.53781909507327	1	1685
2.09691001300806	0	1686
1.8750612633917	2	1687
2.09342168516224	1.58496250072116	1688
2.39445168082622	1.58496250072116	1689
1.34242268082221	1	1690
2.02118929906994	1	1691
1.77085201164214	0	1692
2.30319605742049	0	1693
1.90848501887865	0	1694
1.86923171973098	1	1695
1.79934054945358	0	1696
2.06445798922692	0	1697
2.34635297445064	1	1698
2.48144262850231	1	1699
1.72427586960079	0	1700
1.83884909073726	0	1701
1.11394335230684	0	1702
1.92427928606188	0	1703
1.85125834871908	0	1704
2.35793484700045	0	1705
1.5910646070265	0	1706
2.13987908640124	1	1707
1.51851393987789	0	1708
2.12710479836481	0	1709
1.51851393987789	0	1710
1.14612803567824	0	1711
1.81291335664286	0	1712
2.25042000230889	0	1713
0.845098040014257	0	1714
1.95904139232109	0	1715
2.30319605742049	0	1716
1.32221929473392	1	1717
1.82607480270083	0	1718
2.29446622616159	0	1719
2.71011736511182	1	1720
2.41995574848976	0	1721
1.63346845557959	1	1722
1.14612803567824	0	1723
1.43136376415899	1	1724
2.20411998265593	0	1725
1.51851393987789	1	1726
2.30535136944662	1.58496250072116	1727
1.92941892571429	0	1728
1.49136169383427	0	1729
2.07188200730613	0	1730
2.80002935924413	1	1731
2.32014628611105	0	1732
2.85853719756964	1	1733
2.17318626841227	0	1734
1.90848501887865	0	1735
2.65224634100332	1	1736
2.16136800223497	1	1737
1.50514997831991	0	1738
1.5910646070265	0	1739
0.903089986991944	0	1740
1.57978359661681	1	1741
2.45939248775923	1	1742
1.23044892137827	0	1743
2.37106786227174	0	1744
1.88649072517248	0	1745
0.477121254719662	0	1746
1.25527250510331	0	1747
1.49136169383427	0	1748
2.87621784059164	1	1749
2.48855071650044	0	1750
1.17609125905568	0	1751
1.63346845557959	0	1752
1.49136169383427	0	1753
1.91381385238372	0	1754
1.93951925261862	1	1755
1	0	1756
1.68124123737559	0	1757
2.15533603746506	0	1758
2.31386722036915	0	1759
1.46239799789896	0	1760
2.8055008581584	1.58496250072116	1761
2.6159500516564	1	1762
2.51982799377572	0	1763
2.57518784492766	1	1764
3.28847280059978	2	1765
2.07188200730613	0	1766
1.55630250076729	0	1767
2.79588001734408	1.58496250072116	1768
1.568201724067	1	1769
1.36172783601759	0	1770
2.48429983934679	0	1771
2.16136800223497	0	1772
1.51851393987789	0	1773
1.83884909073726	0	1774
1.50514997831991	0	1775
1.23044892137827	0	1776
1.51851393987789	0	1777
1.20411998265592	0	1778
1.44715803134222	1	1779
2.2405492482826	0	1780
2.86805636182304	1	1781
2.38560627359831	1	1782
1.68124123737559	1	1783
1.64345267648619	0	1784
2.45788189673399	1.58496250072116	1785
2.26717172840301	0	1786
1.568201724067	0	1787
1.44715803134222	0	1788
2.32014628611105	1	1789
1.96378782734556	2	1790
1.51851393987789	0	1791
2.02118929906994	0	1792
2.09342168516224	1	1793
2.48995847942483	1	1794
2.05690485133647	0	1795
1.46239799789896	1	1796
2.09691001300806	0	1797
3.00432137378264	1	1798
1.23044892137827	0	1799
1.34242268082221	0	1800
2.82801506422398	1.58496250072116	1801
1.7481880270062	0	1802
2.00432137378264	0	1803
3.18554215485438	2	1804
1.65321251377534	1	1805
1.54406804435028	0	1806
1.70757017609794	1	1807
1.49136169383427	0	1808
1.91907809237607	0	1809
1.54406804435028	1	1810
1.67209785793572	0	1811
2.1430148002541	1	1812
2.61489721603313	1	1813
1.61278385671974	0	1814
2.31597034545692	1	1815
2.30319605742049	1	1816
1.68124123737559	0	1817
1.27875360095283	0	1818
1.51851393987789	0	1819
1.69019608002851	0	1820
2.01703333929878	0	1821
1.14612803567824	0	1822
1.66275783168157	1	1823
2.19312459835446	1	1824
2.02530586526477	2	1825
2.05307844348342	0	1826
1	0	1827
1.84509804001426	0	1828
1.85733249643127	1	1829
2.20139712432045	0	1830
2.22788670461367	1	1831
1.96378782734556	0	1832
1.74036268949424	1	1833
2.38021124171161	1	1834
1.94448267215017	0	1835
1.38021124171161	0	1836
1.78532983501077	0	1837
2.48995847942483	1	1838
2.23299611039215	2	1839
1.94448267215017	0	1840
1.57978359661681	0	1841
2.02118929906994	1	1842
1.65321251377534	1	1843
1.89209460269048	0	1844
2.37657695705651	0	1845
2.91328390176042	1	1846
2.66086547800387	1	1847
1	0	1848
2.18184358794477	1	1849
2.49276038902684	1	1850
2.40140054078154	0	1851
2.67209785793572	1	1852
1.76342799356294	1	1853
1.67209785793572	0	1854
2.74973631556906	1	1855
1.43136376415899	0	1856
1.95424250943932	0	1857
1.32221929473392	1	1858
2.74507479158206	1.58496250072116	1859
1.38021124171161	0	1860
1.61278385671974	1	1861
0.845098040014257	0	1862
2.05307844348342	0	1863
0.698970004336019	0	1864
1.25527250510331	0	1865
3.12385164096709	1.58496250072116	1866
2.50650503240487	1	1867
2.61909333062674	1	1868
1.68124123737559	1	1869
1.17609125905568	0	1870
1.74036268949424	0	1871
1.20411998265592	0	1872
2.07918124604762	0	1873
2.59659709562646	1	1874
2.62013605497376	1	1875
1.6232492903979	0	1876
3.04532297878666	0	1877
2.74741180788642	1.58496250072116	1878
2.63042787502502	0	1879
2.30102999566398	1.58496250072116	1880
1.568201724067	0	1881
1.50514997831991	0	1882
1.25527250510331	0	1883
2.75127910398334	2	1884
2.58658730467176	0	1885
2.23299611039215	0	1886
2.2148438480477	1	1887
2.29446622616159	1	1888
1.36172783601759	0	1889
2	0	1890
2.47421626407626	1	1891
1.49136169383427	0	1892
2.42813479402879	1	1893
1.90308998699194	1	1894
1.88081359228079	1	1895
1.04139268515822	0	1896
1.20411998265592	0	1897
1.7160033436348	0	1898
3.37785241900675	2	1899
1.9731278535997	1	1900
2.26007138798507	1	1901
1.36172783601759	0	1902
1.23044892137827	0	1903
2.58994960132571	0	1904
1.23044892137827	0	1905
1.23044892137827	0	1906
1.81291335664286	1.58496250072116	1907
1.46239799789896	0	1908
2.25527250510331	1	1909
2.45331834004704	0	1910
2.39269695325967	0	1911
2.73078227566639	1	1912
2.56702636615906	0	1913
1.44715803134222	0	1914
2.16435285578444	0	1915
2.31806333496276	1	1916
1.55630250076729	0	1917
1.39794000867204	0	1918
1.32221929473392	0	1919
1.14612803567824	0	1920
0.778151250383644	0	1921
1.54406804435028	0	1922
2.42488163663107	1	1923
2.07918124604762	0	1924
1.83884909073726	0	1925
2.01283722470517	0	1926
1	0	1927
1.75587485567249	0	1928
2.41161970596323	1	1929
2.5705429398819	1	1930
1.64345267648619	0	1931
2.24303804868629	1	1932
2.25527250510331	1	1933
1.88081359228079	0	1934
2.46239799789896	1.58496250072116	1935
1.27875360095283	1	1936
2.09691001300806	1	1937
2.16136800223497	1	1938
2.568201724067	0	1939
2.12710479836481	0	1940
1.14612803567824	0	1941
1.72427586960079	0	1942
0.602059991327962	0	1943
1.77085201164214	0	1944
1.72427586960079	1	1945
1.72427586960079	1	1946
2.41995574848976	0	1947
1.25527250510331	0	1948
1.92427928606188	0	1949
0.477121254719662	0	1950
1.23044892137827	0	1951
1.97772360528885	0	1952
2.69635638873333	1	1953
1.32221929473392	0	1954
2.39794000867204	0	1955
3.09760432887441	1.58496250072116	1956
2.34830486304816	1	1957
2.28780172993023	1	1958
1.39794000867204	0	1959
2.15228834438306	0	1960
2.92427928606188	2	1961
2.24551266781415	0	1962
1.49136169383427	0	1963
2.13353890837022	0	1964
2.48287358360875	1	1965
2.83442070368153	1	1966
2.21218760440396	1.58496250072116	1967
2.12057393120585	1	1968
1.83884909073726	2	1969
2.20139712432045	1.58496250072116	1970
2.79865064544527	1	1971
1.72427586960079	0	1972
2.05690485133647	1.58496250072116	1973
2.94299959336604	2	1974
3.28012289630231	2	1975
1.66275783168157	0	1976
2.56937390961505	0	1977
2.34439227368511	0	1978
0.778151250383644	0	1979
2.02118929906994	1.58496250072116	1980
3.54145442874759	2.32192809488736	1981
1.86923171973098	0	1982
1.92941892571429	0	1983
1.83250891270624	1	1984
2.78461729263288	1.58496250072116	1985
1.69019608002851	0	1986
2.04532297878666	0	1987
2.46089784275655	0	1988
2.49554433754645	1.58496250072116	1989
1.95424250943932	0	1990
1.32221929473392	0	1991
1.30102999566398	1	1992
1.27875360095283	0	1993
2.71349054309394	0	1994
2.51587384371168	0	1995
1.60205999132796	0	1996
2.28330122870355	0	1997
1.17609125905568	0	1998
1.5910646070265	0	1999
