x	y	clickSelects
-0.0963765878447398	-1.24492082024629	590
0.0224785687821201	-1.57329404660441	248
0.00588007273830993	-1.55228908473028	248
-0.03723195371821	-1.32965542508587	248
-0.11542019094715	-1.34379121599844	248
0.0477252160558899	-1.5213183473766	171
0.10012425117241	-1.74147858312143	248
0.08996422271764	0.189832862217879	248
0.0634976186716498	-1.58616917700618	1565
0.00834120507207992	-1.70449701777054	1807
0.09185433301512	-1.67819408367524	47
0.11441997828616	-1.73039480916115	590
0.02616032334728	-1.49485645825174	1586
0.0649305550090999	-1.70827865436896	248
0.00815767281016999	-1.69320233657947	248
-0.0759681278281899	-1.19705651393961	248
0.11442275541333	-1.76982134264798	171
-0.0245240452454598	-1.45724525640201	248
-0.0151768478271199	-1.46419429082719	590
0.01627605490929	-1.48153115069008	119
0.10191391939104	-1.702969528892	590
0.10810675111035	-1.75709744373181	171
-0.11486836299727	-1.15709752544285	590
0.00931301144381003	-1.4388590495112	119
-0.00944153851374985	-1.37996428798277	205
0.12115546027141	-1.79120417044986	1455
0.11869505422076	-1.73317189192424	171
0.09211207000943	-1.64018210096941	119
-0.0798924943747901	-1.22227481594061	1586
-0.0209418075681702	-1.46786367808808	1586
0.05031382196622	-1.65249228672708	93
-0.0560722816749402	-1.24808149283864	171
0.05073486766595	-1.53569850578003	1442
-0.000953995291039789	-1.52145730982395	205
0.0271856528415499	-1.49947513840175	1520
-0.0457803480930599	-1.31178937323754	1586
0.0487789544957602	-1.61997888708725	93
-0.0268319346041102	-1.37541600450957	1586
0.0202161856938998	-1.49605966912055	1586
-0.0865181425162902	-1.20316465902711	47
0.05497882751843	-1.58861483243936	93
0.00397178161846012	0.366461757863998	272
0.11064236921358	-1.78428472745131	93
0.10084819186869	-1.75163929033103	335
0.10560914821921	-1.6915562743956	487
0.10541661606911	-1.72313157450504	384
0.12224753201643	-1.93042812975398	1353
-0.10765544070864	-1.16871679331209	47
-0.05628747356314	-1.36501298646251	1891
0.0968638112576801	-1.61486191710945	1182
0.0575009178639201	-1.52253658450776	305
0.0129746639580701	-1.47794034648468	93
-0.0724743467988498	-1.27600948950565	93
-0.11347292757638	-1.19899007738435	93
0.0845005513521202	-1.61288949808722	93
0.0447401961388598	0.18215626485834	47
0.0815821797813299	-1.75153942997206	168
-0.0750838788022201	-1.32563510706476	47
-0.0326280100116199	-1.48796829628662	93
0.000517114615360192	-1.58182268836999	1579
0.0994431275002299	-1.79867940479306	865
0.0395147894952599	-1.51757617094061	384
0.11516676075335	-1.87039930864612	1182
0.0917707680618198	-0.112281996334044	1579
0.00356906748862995	-1.70905105222717	93
0.0887329866600601	-1.69583008305985	47
0.0240355203454898	0.150408867446113	1586
0.00527099393573005	-1.51473086096687	168
0.09450041337083	-1.70311297260802	168
0.0510529797919102	0.328970311132081	936
-0.0245072035501099	-1.60916030981112	168
0.0774652855874498	-1.79727700841378	487
0.0556793913036402	-1.56139013780492	22
0.12148887328702	-1.75756854835802	84
0.07433927108359	-1.66373201744157	334
-0.0845648872082299	-1.15918263183331	471
-0.09681548835874	-1.21685643607041	424
-0.00649848097001016	-1.40988190022744	1248
0.0470071014379898	0.215104458709275	838
0.10092668468304	-1.79931734578992	21
0.0617082869830701	-1.63307543055992	21
-0.0744404507026499	-1.35524219642643	487
0.0556793913036402	-1.56139013780492	533
-0.00962947697943983	-1.46895851452819	21
0.0525368106121	-1.60702448108376	347
-0.0137111739570099	-1.38220904645265	21
-0.0539191758046802	-1.3726835057565	1650
-0.0137295318356099	-1.35580863206531	1650
0.0923085958915402	-1.63931809311848	334
0.0597049590307401	-1.56633104710886	37
0.00673253457217982	-1.52990220344135	487
-0.11049656897129	-1.1175911808476	487
-0.00913863061308007	-1.32718893507026	243
0.10127562382964	-1.8166098992355	487
0.12265416420883	-1.81830633631897	487
-0.0319484776225001	-1.3391845075615	1004
0.122205099917	-1.80309754264749	451
-0.00155321927827989	-1.52182021142764	243
-0.0702856852910698	-1.21449186679083	1453
-0.0334288391078399	-1.36547169155013	1453
0.12343809141598	-1.80963279725729	1004
0.0577686243990998	-1.61563317927809	487
0.0904986986408698	-1.78386060741576	243
-0.0279623558822002	-1.47777734359999	503
0.0998240701265201	-1.74178123846886	487
-0.0914113421721199	-1.21644882373254	243
0.0464857621461201	-1.60438249822411	243
0.12416713241716	-1.77828180083072	243
0.11046110226868	-1.78712846107389	28
0.11344104374102	-1.67621431043656	1651
0.0749454903991902	-1.73895411832517	1651
0.0142453366551201	-1.60434643361124	243
0.0169215368350701	-1.57858521616164	1651
-0.0197066946472502	-1.45496456448541	220
-0.0481797534236299	-1.28625551074481	1651
-0.0370023119696499	-1.37716491947996	1651
0.11752621360548	-1.8275229202119	357
0.0868199403888301	-1.64600903806887	487
0.00650826264967019	-1.54697019694635	487
0.05127817409995	-1.55470664884923	357
-0.11669807823322	-1.29932733166794	357
0.0824590233081901	-1.74696768065998	1048
0.08872228293537	-1.75402248952235	29
0.0320877527474299	-1.54225726191807	1048
-0.11638541058174	-1.17602838484882	243
0.02150317704699	-1.55436249008969	935
-0.0183393975878801	-1.34580245702096	487
0.04704333437153	-1.48749410874698	25
0.0935909885195398	-1.66374574631202	995
0.0864166726876499	-1.75216735018717	1971
0.0874684301899702	-1.6560935852107	29
0.0488011559038499	-1.61891235040237	25
0.0187131526474902	-1.48069714165332	1971
-0.0860645968126801	-1.29176218096538	106
-0.0227445247961602	-1.46956360077688	273
0.0716673191539501	-1.66402764296379	29
0.10081315763634	-1.68271001653497	826
0.0507749823030199	-1.4926096918978	61
0.0681445503685199	-1.64808336754954	1101
-0.0471614940453202	-1.35744435641821	1610
-0.0879696437471602	-1.19461772299987	581
0.09740225719128	-1.95008126144999	491
-0.0118998349959401	-1.42549513789811	29
0.0249257238654699	-1.49525668167105	64
0.0766714497623302	-1.630477165697	67
-0.0574517499196299	-1.40027719103566	681
0.06747525758855	-1.6575597671296	748
0.0910977471762702	0.309771743466967	67
0.0907880975112598	-1.65785172333858	81
-0.0760859879090998	-1.20538301967672	748
0.0482690793987501	-1.5461941456572	118
0.10159309587406	-1.82094857579244	67
0.00976045062812014	-2.01281672424455	917
0.0258515074060499	-1.49363826064049	791
0.0507749823030199	-1.4926096918978	1188
-0.00570364794619005	-1.44224289183232	283
0.0343310761773199	-1.50473784414801	821
0.0134751651835199	-1.50850761887377	81
-0.12441582310686	-1.26572646845862	64
-0.0436002142064802	0.70288963482696	491
0.0902269173080499	-1.64293756858119	1977
-0.0567472256925101	-1.40783066290119	81
-0.12015245376031	-1.32898694314566	64
-0.0405633357925499	-1.36808995339203	552
0.028003385066	-1.61924518682362	552
-0.0864862798647499	-1.32355292438647	948
-0.0805928577395898	-1.31238906649208	8
-0.0361789955204199	-1.4777267627656	8
0.12019971992289	-1.73686233540821	469
0.0888240583446298	-1.77656229839696	64
0.0316877868629701	-1.52629913604062	230
0.0594786573461898	-1.67116803092085	230
-0.00455490649952983	-1.41292554862804	230
0.12221686083499	-1.85645678265064	230
0.10818629143625	-1.66048075241526	187
0.0989114638648099	-1.66332167510069	8
-0.0970859996570299	-1.19321114025487	17
0.0570359793448199	-1.66895706937102	17
-0.0559318383575098	-1.25612954036862	17
-0.000581665257679997	-1.53796805124596	65
-0.0644517256557	-1.29411783284248	241
0.0700043571424702	-1.64382664222975	506
-0.0929401069894702	-1.2929783819577	17
0.0302566276302101	0.306104471377349	241
0.03973080401185	0.315218509504356	241
-0.06271150090019	-1.31220518092555	1261
0.12242556158858	0.0462498122602355	506
0.09915505400317	-1.85304625130632	506
0.0953149368569801	-1.67955024444508	1410
0.0659210333128701	-1.67437736534748	187
0.0818929228455301	-1.67846231043259	17
0.12170334778057	-1.74488393350752	804
-0.0938290636128398	-1.16840089097709	1822
0.0910652754283401	-1.77797348006338	1822
0.0480177047573802	0.321278068464306	1451
-0.000306470504909839	-1.45511731369373	1451
0.0985952465300199	-1.75244937589727	1451
0.0937999874984801	-1.76253776129407	1122
0.0940518818946301	-1.75176133224825	1122
0.11304920581239	-1.91513550191549	17
0.0522381707876298	-1.55081985688394	1451
-0.0165276137683001	-1.3730807549177	478
-0.01304589967839	-1.38805986853943	804
0.0388334619702202	-1.5117917133647	804
0.03188590545972	-1.62399356507118	17
-0.08785502246658	-1.19103741341219	17
0.04446434177488	-1.52268670792539	1451
-0.0145887608991702	-1.58343415128026	1451
0.0828893414384702	-1.64752654658139	604
-0.0956953140984802	-1.14695603912222	1451
-0.0242275267754102	-1.37994624585813	1522
-0.1040404724097	-1.15342413651438	1522
-0.0861069934922498	-1.20043074236591	1522
-0.10846754844189	-1.10129371277805	65
0.1073311240519	-1.75138403411097	561
0.04304040940958	-1.49273941191342	804
-0.11344683215102	-1.17932311743688	1451
0.04386995266155	-1.59794362352121	17
-0.0133710914622598	-1.39017000594744	17
-0.0961214794391698	-1.21942111677638	478
-0.000333094021299996	-1.46626618731949	478
0.01247859045416	-1.50679217666168	213
-0.00235253336615004	-1.55532248052146	698
-0.0543934211639501	0.340822249268141	17
0.06369222255536	-1.63833262718582	177
-0.0726649807751301	-1.35048976258016	698
-0.10911020911124	-1.25815767558103	213
0.0477252160558899	-1.5213183473766	525
0.10667626182558	-1.64574296691523	698
0.0703557744685899	-1.69228388443115	525
0.0249995361283699	-1.61298246165398	525
0.0385803877535	-1.65733730852651	514
0.0787288349536301	-1.66826310674964	525
-0.0398517291782099	-1.46123197945547	162
0.0717722039625701	-1.7916272346539	162
0.0167908466970998	-1.54076660103423	1705
0.0391538871763899	0.189705267975175	525
-0.0582107399508698	-1.2320495382402	1705
-0.0625580614738102	-1.23446219988649	1705
0.0993935409641802	-1.84693217884616	882
-0.10971300438591	-1.13431667293666	525
-0.11640979149644	-1.11466597076259	525
-0.0395190536494998	-1.29244403271017	525
-0.0067284153244902	-1.36555634161329	525
0.0567764283093202	-1.55334713587342	525
0.11441997828616	-1.73039480916115	525
-0.0310080035225901	-1.46088218855756	882
-0.00328366106568989	-1.42689401675222	525
0.09203804092511	-1.71838603969987	525
-0.02401717023678	-1.38502117905902	525
0.05696764135639	-1.61940370197498	525
0.000128100660440111	-1.54191021575526	5
0.0301057800812998	-1.61800636893434	1960
-0.0326109862627102	-1.37143527136483	175
-0.09884851514594	0.634796659564733	132
0.0372760308248901	-1.46174020081869	606
0.11413271811533	-1.85500046152895	606
0.104370629678	-1.78365053409673	606
0.0420639535202301	0.362632371081723	1621
-0.0139362626908199	-1.35054834584512	1220
-0.10216552165334	-1.26972683784837	1220
-0.10951448056111	-1.07474430563135	1220
0.0342205337874999	-1.5420074145055	606
0.0923280520011698	-1.66971172273022	175
0.11898640703365	1.67201705938598	132
-0.02604625457854	-1.35432483922097	606
0.0839781460886102	-1.65352014675061	1220
-0.0400023541472998	-1.39887459641284	132
0.12019971992289	-1.73686233540821	525
0.0454705148752699	1.38880191724468	1754
0.06040790828086	-1.66671994429882	525
-0.07874979712413	-1.14536549641256	525
0.10573342839228	-1.99883876408572	713
-0.0471614940453202	-1.35744435641821	525
0.0600282835542698	-1.75387515023024	525
0.0519335441969	0.0649030468466663	525
-0.00281733629467995	0.648806215317707	525
0.0775427668246902	-1.66002028066676	78
-0.0798262738940898	-1.33171079822056	525
0.08250878922586	-1.62559177091584	175
0.08250878922586	-1.62559177091584	5
0.02480070902328	0.485801065150642	175
0.12184213996003	-1.88856153033617	713
-0.11253795286183	-1.27634160697059	713
-0.10688346220265	-1.12112999193543	1275
-0.0772985705621201	-1.15646735717858	1846
-0.10123490701819	-1.22273260249517	1846
0.10512078009826	-1.68375749596838	57
0.0915394623346102	-1.65308407870233	977
0.0409330035590001	-1.51029028197978	160
0.00683634491495999	-1.47828498644876	1275
-0.00623292571874012	-1.41812993789162	560
0.0651967527510098	-1.61982590941019	713
0.0323655178344602	-1.53198405327216	72
-0.0639170660265198	-1.22175647842704	713
0.02703896435498	-1.69866076420977	38
-0.000686650930170174	-1.59173649054114	1660
0.0823954945058301	-1.94831611584514	40
0.0973954745949901	-1.64479832504169	40
0.0654791976508702	-1.61299951269869	587
0.06788112960129	-1.65481528437906	1675
0.0322277323975899	2.25018037090474	417
0.12242363888763	-1.74748822322568	1123
-0.000640145314460217	-1.43102896846002	999
0.0157037326974701	-1.46860355590535	537
-0.04247886122277	-1.2926436565479	537
0.00849026925869012	1.74276500364232	1076
-0.0670645412059101	-1.33478111139493	759
-0.0399985747658702	-1.37171958583109	759
0.0577714030790899	-1.66565861018555	99
0.10991213868801	0.158968356210148	482
-0.00539008722756984	-1.39600178430311	482
0.04642368793629	0.341358515494575	482
0.0652439602151298	0.28778036178483	1065
0.09635456449015	0.186026917008149	1794
0.0133907779115598	0.134342732983154	1794
0.1065294622002	-2.00062298424108	354
0.12432529580991	-1.77724828625658	354
0.03943181916306	-1.5133527875535	1794
-0.0891329524247899	-1.20611370499587	482
0.0113263092835498	-1.45381827095383	1794
0.0738763330904302	1.80576154349288	482
0.1159170256629	1.6521839392777	1794
0.11332952343201	0.158608541784067	1794
0.0975400346253701	-1.67224380996926	354
0.00227930385384001	-1.37808358184221	1065
0.0759502959776599	0.0566138488823258	1065
-0.0398691350785598	-1.33593177528356	1065
-0.0654613692619002	-1.26115903802661	482
-0.10308858398586	-1.24283921821979	482
0.0829750932644902	-1.62397353178872	482
-0.00406254015780982	0.457582661529425	1065
0.0317193871702002	0.23418299875752	1793
-0.10961230889605	0.83608696788725	482
0.02277149500447	0.20127447112434	1793
-0.08120340665233	0.853237129089093	1793
0.0226957241055898	0.46877431035172	617
0.05618621490573	-1.58322446488776	731
0.12397046727514	0.0481924300672025	731
-0.0706961050878601	-1.54394078412709	731
0.04117943129808	-1.51565450651744	731
0.11665708822272	-1.75947392240209	269
0.0183012281971999	-1.50930110776025	346
-0.0832118299709799	-1.25658121007779	346
