group	fill	clickSelects
1	#FFFFFF	930
2	#FFFFFF	930
3	#FFFFFF	930
4	#FFFFFF	930
5	#FFFFFF	930
6	#FFFFFF	930
7	#FFFFFF	930
8	#FFFFFF	930
9	#FFFFFF	217
10	#FFFFFF	217
11	#FFFFFF	217
12	#FFFFFF	217
13	#FFFFFF	217
14	#FFFFFF	930
15	#FFFFFF	1461
16	#FFFFFF	1461
17	#FFFFFF	1461
18	#FFFFFF	1461
19	#FFFFFF	1461
20	#FFFFFF	1461
21	#FFFFFF	1461
22	#FFFFFF	1461
23	#FFFFFF	1461
24	#FFFFFF	217
25	#FFFFFF	930
26	#FFFFFF	217
27	#FFFFFF	930
28	#FFFFFF	930
29	#FFFFFF	930
30	#FFFFFF	930
31	#FFFFFF	930
32	#FFFFFF	930
33	#FFFFFF	930
34	#FFFFFF	930
35	#FFFFFF	930
36	#FFFFFF	930
37	#FFFFFF	930
38	#FFFFFF	167
39	#FFFFFF	167
40	#FFFFFF	167
41	#FFFFFF	167
42	#FFFFFF	930
43	#FFFFFF	930
44	#FFFFFF	930
45	#FFFFFF	167
46	#FFFFFF	217
47	#FFFFFF	217
48	#FFFFFF	217
49	#FFFFFF	930
50	#FFFFFF	930
52	#FFFFFF	930
53	#FFFFFF	930
54	#FFFFFF	930
55	#FFFFFF	930
56	#FFFFFF	930
57	#FFFFFF	930
58	#FFFFFF	930
59	#FFFFFF	930
60	#FFFFFF	217
61	#FFFFFF	217
62	#FFFFFF	217
63	#FFFFFF	217
64	#FFFFFF	930
65	#FFFFFF	1461
66	#FFFFFF	1461
67	#FFFFFF	1461
68	#FFFFFF	1461
69	#FFFFFF	1461
70	#FFFFFF	1461
71	#FFFFFF	1461
72	#FFFFFF	1461
73	#FFFFFF	217
74	#FFFFFF	217
75	#FFFFFF	930
76	#FFFFFF	217
77	#FFFFFF	217
78	#FFFFFF	217
79	#FFFFFF	217
80	#FFFFFF	217
81	#FFFFFF	930
82	#FFFFFF	930
83	#FFFFFF	930
84	#FFFFFF	930
85	#FFFFFF	930
86	#FFFFFF	930
87	#FFFFFF	930
88	#FFFFFF	167
89	#FFFFFF	930
90	#FFFFFF	167
91	#FFFFFF	167
92	#FFFFFF	167
93	#FFFFFF	930
94	#FFFFFF	930
95	#FFFFFF	930
97	#FFFFFF	217
98	#FFFFFF	217
99	#FFFFFF	217
100	#FFFFFF	217
101	#FFFFFF	217
102	#FFFFFF	217
103	#FFFFFF	930
104	#FFFFFF	930
105	#FFFFFF	930
106	#FFFFFF	217
107	#FFFFFF	930
108	#FFFFFF	930
109	#FFFFFF	930
110	#FFFFFF	930
111	#FFFFFF	930
112	#FFFFFF	217
113	#FFFFFF	217
114	#FFFFFF	1461
115	#FFFFFF	930
116	#FFFFFF	1461
117	#FFFFFF	1461
118	#FFFFFF	1461
119	#FFFFFF	1461
120	#FFFFFF	1461
121	#FFFFFF	1461
122	#FFFFFF	1461
123	#FFFFFF	217
124	#FFFFFF	217
125	#FFFFFF	930
126	#FFFFFF	930
127	#FFFFFF	217
128	#FFFFFF	217
129	#FFFFFF	217
130	#FFFFFF	217
131	#FFFFFF	930
132	#FFFFFF	930
133	#FFFFFF	930
134	#FFFFFF	930
135	#FFFFFF	930
136	#FFFFFF	930
137	#FFFFFF	217
138	#FFFFFF	930
139	#FFFFFF	930
140	#FFFFFF	167
141	#FFFFFF	167
142	#FFFFFF	167
143	#FFFFFF	930
144	#FFFFFF	930
145	#FFFFFF	930
146	#FFFFFF	930
147	#FFFFFF	217
148	#FFFFFF	217
149	#FFFFFF	217
150	#FFFFFF	217
151	#FFFFFF	930
153	#FFFFFF	930
154	#FFFFFF	930
155	#FFFFFF	217
156	#FFFFFF	217
157	#FFFFFF	217
158	#FFFFFF	217
159	#FFFFFF	217
160	#FFFFFF	217
161	#FFFFFF	930
162	#FFFFFF	930
163	#FFFFFF	930
164	#FFFFFF	930
165	#FFFFFF	930
166	#FFFFFF	930
167	#FFFFFF	930
168	#FFFFFF	930
169	#FFFFFF	930
170	#FFFFFF	930
171	#FFFFFF	930
172	#FFFFFF	930
173	#FFFFFF	930
174	#FFFFFF	930
175	#FFFFFF	930
176	#FFFFFF	217
177	#FFFFFF	930
178	#FFFFFF	930
179	#FFFFFF	930
180	#FFFFFF	930
181	#FFFFFF	930
182	#FFFFFF	930
183	#FFFFFF	930
184	#FFFFFF	930
185	#FFFFFF	930
186	#FFFFFF	930
187	#FFFFFF	217
188	#FFFFFF	930
189	#FFFFFF	930
190	#FFFFFF	930
191	#FFFFFF	930
192	#FFFFFF	930
193	#FFFFFF	930
194	#FFFFFF	930
195	#FFFFFF	930
196	#FFFFFF	930
198	#FFFFFF	217
199	#FFFFFF	217
200	#FFFFFF	930
201	#FFFFFF	930
202	#FFFFFF	217
203	#FFFFFF	930
204	#FFFFFF	930
205	#FFFFFF	930
206	#FFFFFF	217
207	#FFFFFF	217
208	#FFFFFF	217
209	#FFFFFF	217
210	#FFFFFF	217
211	#FFFFFF	217
212	#FFFFFF	217
213	#FFFFFF	930
214	#FFFFFF	930
215	#FFFFFF	930
216	#FFFFFF	930
217	#FFFFFF	930
218	#FFFFFF	930
219	#FFFFFF	930
220	#FFFFFF	930
221	#FFFFFF	930
222	#FFFFFF	930
223	#FFFFFF	930
224	#FFFFFF	930
225	#FFFFFF	930
226	#FFFFFF	930
227	#FFFFFF	930
228	#FFFFFF	930
229	#FFFFFF	930
230	#FFFFFF	930
231	#FFFFFF	930
232	#FFFFFF	930
233	#FFFFFF	930
234	#FFFFFF	930
235	#FFFFFF	930
236	#FFFFFF	930
237	#FFFFFF	930
238	#FFFFFF	217
239	#FFFFFF	930
240	#FFFFFF	930
241	#FFFFFF	930
242	#FFFFFF	930
243	#FFFFFF	930
244	#FFFFFF	930
245	#FFFFFF	930
246	#FFFFFF	930
247	#FFFFFF	930
248	#FFFFFF	217
249	#FFFFFF	930
250	#FFFFFF	930
251	#FFFFFF	930
252	#FFFFFF	217
254	#FFFFFF	930
255	#FFFFFF	930
256	#FFFFFF	217
257	#FFFFFF	217
258	#FFFFFF	217
259	#FFFFFF	217
260	#FFFFFF	217
261	#FFFFFF	217
262	#FFFFFF	217
263	#FFFFFF	930
264	#FFFFFF	930
265	#FFFFFF	930
266	#FFFFFF	930
267	#FFFFFF	930
268	#FFFFFF	930
269	#FFFFFF	930
270	#FFFFFF	930
271	#FFFFFF	930
272	#FFFFFF	930
273	#FFFFFF	930
274	#FFFFFF	930
275	#FFFFFF	930
276	#FFFFFF	930
277	#FFFFFF	930
278	#FFFFFF	930
279	#FFFFFF	930
280	#FFFFFF	930
281	#FFFFFF	930
282	#FFFFFF	930
283	#FFFFFF	930
284	#FFFFFF	930
285	#FFFFFF	930
286	#FFFFFF	930
287	#FFFFFF	930
288	#FFFFFF	930
289	#FFFFFF	930
290	#FFFFFF	930
291	#FFFFFF	930
292	#FFFFFF	930
293	#FFFFFF	930
294	#FFFFFF	930
295	#FFFFFF	930
296	#FFFFFF	930
297	#FFFFFF	930
299	#FFFFFF	217
300	#FFFFFF	217
301	#FFFFFF	217
302	#FFFFFF	217
303	#FFFFFF	217
304	#FFFFFF	506
305	#FFFFFF	930
306	#FFFFFF	930
307	#FFFFFF	217
308	#FFFFFF	217
309	#FFFFFF	217
310	#FFFFFF	217
311	#FFFFFF	217
312	#FFFFFF	217
313	#FFFFFF	217
314	#FFFFFF	217
315	#FFFFFF	930
316	#FFFFFF	217
317	#FFFFFF	930
318	#FFFFFF	217
319	#FFFFFF	930
320	#FFFFFF	930
321	#FFFFFF	930
322	#FFFFFF	930
323	#FFFFFF	930
324	#FFFFFF	930
325	#FFFFFF	930
326	#FFFFFF	930
327	#FFFFFF	930
328	#FFFFFF	930
329	#FFFFFF	930
330	#FFFFFF	930
331	#FFFFFF	930
332	#FFFFFF	930
333	#FFFFFF	930
334	#FFFFFF	930
335	#FFFFFF	930
336	#FFFFFF	930
337	#FFFFFF	930
338	#FFFFFF	930
339	#FFFFFF	217
340	#FFFFFF	930
341	#FFFFFF	930
342	#FFFFFF	930
343	#FFFFFF	930
344	#FFFFFF	930
345	#FFFFFF	930
346	#FFFFFF	930
347	#FFFFFF	930
348	#FFFFFF	930
349	#FFFFFF	217
350	#FFFFFF	217
351	#FFFFFF	217
352	#FFFFFF	217
353	#FFFFFF	217
355	#FFFFFF	930
356	#FFFFFF	506
357	#FFFFFF	217
358	#FFFFFF	217
359	#FFFFFF	217
360	#FFFFFF	217
361	#FFFFFF	217
362	#FFFFFF	217
363	#FFFFFF	217
364	#FFFFFF	217
365	#FFFFFF	930
366	#FFFFFF	217
367	#FFFFFF	506
368	#FFFFFF	217
369	#FFFFFF	930
370	#FFFFFF	930
371	#FFFFFF	930
372	#FFFFFF	930
373	#FFFFFF	930
374	#FFFFFF	930
375	#FFFFFF	930
376	#FFFFFF	930
377	#FFFFFF	930
378	#FFFFFF	930
379	#FFFFFF	930
380	#FFFFFF	930
381	#FFFFFF	930
382	#FFFFFF	930
383	#FFFFFF	930
384	#FFFFFF	930
385	#FFFFFF	930
386	#FFFFFF	930
387	#FFFFFF	930
388	#FFFFFF	930
389	#FFFFFF	930
390	#FFFFFF	930
391	#FFFFFF	930
392	#FFFFFF	930
393	#FFFFFF	930
394	#FFFFFF	930
395	#FFFFFF	930
396	#FFFFFF	930
397	#FFFFFF	930
398	#FFFFFF	930
400	#FFFFFF	930
401	#FFFFFF	217
402	#FFFFFF	217
403	#FFFFFF	217
404	#FFFFFF	217
405	#FFFFFF	930
406	#FFFFFF	930
407	#FFFFFF	506
408	#FFFFFF	217
409	#FFFFFF	217
410	#FFFFFF	217
411	#FFFFFF	217
412	#FFFFFF	217
413	#FFFFFF	217
414	#FFFFFF	217
415	#FFFFFF	217
416	#FFFFFF	217
417	#FFFFFF	217
418	#FFFFFF	930
419	#FFFFFF	217
420	#FFFFFF	930
421	#FFFFFF	930
422	#FFFFFF	930
423	#FFFFFF	930
424	#FFFFFF	930
425	#FFFFFF	930
426	#FFFFFF	930
427	#FFFFFF	930
428	#FFFFFF	930
429	#FFFFFF	930
430	#FFFFFF	930
431	#FFFFFF	930
432	#FFFFFF	930
433	#FFFFFF	930
434	#FFFFFF	930
435	#FFFFFF	930
436	#FFFFFF	930
437	#FFFFFF	930
438	#FFFFFF	930
439	#FFFFFF	930
440	#FFFFFF	930
441	#FFFFFF	930
442	#FFFFFF	930
443	#FFFFFF	930
444	#FFFFFF	930
445	#FFFFFF	930
446	#FFFFFF	930
447	#FFFFFF	930
448	#FFFFFF	930
449	#FFFFFF	167
450	#FFFFFF	930
451	#FFFFFF	930
452	#FFFFFF	217
453	#FFFFFF	217
454	#FFFFFF	217
456	#FFFFFF	930
457	#FFFFFF	506
458	#FFFFFF	217
459	#FFFFFF	217
460	#FFFFFF	217
461	#FFFFFF	217
462	#FFFFFF	217
463	#FFFFFF	217
464	#FFFFFF	217
465	#FFFFFF	217
466	#FFFFFF	217
467	#FFFFFF	930
468	#FFFFFF	506
469	#FFFFFF	217
470	#FFFFFF	930
471	#FFFFFF	930
472	#FFFFFF	930
473	#FFFFFF	930
474	#FFFFFF	930
475	#FFFFFF	930
476	#FFFFFF	930
477	#FFFFFF	930
478	#FFFFFF	930
479	#FFFFFF	930
480	#FFFFFF	930
481	#FFFFFF	930
482	#FFFFFF	930
483	#FFFFFF	930
484	#FFFFFF	930
485	#FFFFFF	930
486	#FFFFFF	930
487	#FFFFFF	930
488	#FFFFFF	930
489	#FFFFFF	930
490	#FFFFFF	506
491	#FFFFFF	930
492	#FFFFFF	930
493	#FFFFFF	930
494	#FFFFFF	930
495	#FFFFFF	930
496	#FFFFFF	930
497	#FFFFFF	930
498	#FFFFFF	930
499	#FFFFFF	167
501	#FFFFFF	930
502	#FFFFFF	930
503	#FFFFFF	217
504	#FFFFFF	217
505	#FFFFFF	217
506	#FFFFFF	930
507	#FFFFFF	930
508	#FFFFFF	506
509	#FFFFFF	217
510	#FFFFFF	217
511	#FFFFFF	217
512	#FFFFFF	217
513	#FFFFFF	217
514	#FFFFFF	217
515	#FFFFFF	217
516	#FFFFFF	217
517	#FFFFFF	217
518	#FFFFFF	930
519	#FFFFFF	930
520	#FFFFFF	217
521	#FFFFFF	217
522	#FFFFFF	930
523	#FFFFFF	930
524	#FFFFFF	930
525	#FFFFFF	930
526	#FFFFFF	930
527	#FFFFFF	930
528	#FFFFFF	930
529	#FFFFFF	930
530	#FFFFFF	506
531	#FFFFFF	930
532	#FFFFFF	930
533	#FFFFFF	930
534	#FFFFFF	930
535	#FFFFFF	930
536	#FFFFFF	930
537	#FFFFFF	930
538	#FFFFFF	930
539	#FFFFFF	930
540	#FFFFFF	930
541	#FFFFFF	506
542	#FFFFFF	930
543	#FFFFFF	930
544	#FFFFFF	930
545	#FFFFFF	930
546	#FFFFFF	930
547	#FFFFFF	930
548	#FFFFFF	930
549	#FFFFFF	167
550	#FFFFFF	167
551	#FFFFFF	930
552	#FFFFFF	217
553	#FFFFFF	217
554	#FFFFFF	930
555	#FFFFFF	217
557	#FFFFFF	930
558	#FFFFFF	506
559	#FFFFFF	930
560	#FFFFFF	217
561	#FFFFFF	217
562	#FFFFFF	217
563	#FFFFFF	217
564	#FFFFFF	217
565	#FFFFFF	217
566	#FFFFFF	217
567	#FFFFFF	217
568	#FFFFFF	930
569	#FFFFFF	930
570	#FFFFFF	217
571	#FFFFFF	217
572	#FFFFFF	930
573	#FFFFFF	930
574	#FFFFFF	930
575	#FFFFFF	930
576	#FFFFFF	930
577	#FFFFFF	930
578	#FFFFFF	930
579	#FFFFFF	930
580	#FFFFFF	930
581	#FFFFFF	930
582	#FFFFFF	930
583	#FFFFFF	930
584	#FFFFFF	930
585	#FFFFFF	930
586	#FFFFFF	930
587	#FFFFFF	930
588	#FFFFFF	930
589	#FFFFFF	930
590	#FFFFFF	930
591	#FFFFFF	506
592	#FFFFFF	930
593	#FFFFFF	930
594	#FFFFFF	930
595	#FFFFFF	930
596	#FFFFFF	930
597	#FFFFFF	930
598	#FFFFFF	930
599	#FFFFFF	930
600	#FFFFFF	167
602	#FFFFFF	930
603	#FFFFFF	217
604	#FFFFFF	217
605	#FFFFFF	217
606	#FFFFFF	930
607	#FFFFFF	506
608	#FFFFFF	506
609	#FFFFFF	506
610	#FFFFFF	217
611	#FFFFFF	217
612	#FFFFFF	217
613	#FFFFFF	217
614	#FFFFFF	217
615	#FFFFFF	217
616	#FFFFFF	217
617	#FFFFFF	930
618	#FFFFFF	930
619	#FFFFFF	930
620	#FFFFFF	506
621	#FFFFFF	930
622	#FFFFFF	930
623	#FFFFFF	930
624	#FFFFFF	930
625	#FFFFFF	930
626	#FFFFFF	930
627	#FFFFFF	930
628	#FFFFFF	930
629	#FFFFFF	930
630	#FFFFFF	930
631	#FFFFFF	506
632	#FFFFFF	930
633	#FFFFFF	930
634	#FFFFFF	930
635	#FFFFFF	930
636	#FFFFFF	930
637	#FFFFFF	930
638	#FFFFFF	930
639	#FFFFFF	930
640	#FFFFFF	930
641	#FFFFFF	930
642	#FFFFFF	506
643	#FFFFFF	930
644	#FFFFFF	930
645	#FFFFFF	930
646	#FFFFFF	930
647	#FFFFFF	930
648	#FFFFFF	930
649	#FFFFFF	930
650	#FFFFFF	930
651	#FFFFFF	167
652	#FFFFFF	930
653	#FFFFFF	930
654	#FFFFFF	930
655	#FFFFFF	930
656	#FFFFFF	930
658	#FFFFFF	506
659	#FFFFFF	506
660	#FFFFFF	930
661	#FFFFFF	217
662	#FFFFFF	217
663	#FFFFFF	217
664	#FFFFFF	217
665	#FFFFFF	217
666	#FFFFFF	217
667	#FFFFFF	217
668	#FFFFFF	930
669	#FFFFFF	930
670	#FFFFFF	506
671	#FFFFFF	930
672	#FFFFFF	930
673	#FFFFFF	930
674	#FFFFFF	930
675	#FFFFFF	930
676	#FFFFFF	930
677	#FFFFFF	930
678	#FFFFFF	930
679	#FFFFFF	930
680	#FFFFFF	930
681	#FFFFFF	506
682	#FFFFFF	930
683	#FFFFFF	930
684	#FFFFFF	930
685	#FFFFFF	930
686	#FFFFFF	930
687	#FFFFFF	930
688	#FFFFFF	930
689	#FFFFFF	930
690	#FFFFFF	930
691	#FFFFFF	930
692	#FFFFFF	506
693	#FFFFFF	930
694	#FFFFFF	930
695	#FFFFFF	930
696	#FFFFFF	930
697	#FFFFFF	930
698	#FFFFFF	930
699	#FFFFFF	930
700	#FFFFFF	930
701	#FFFFFF	930
703	#FFFFFF	506
704	#FFFFFF	930
705	#FFFFFF	930
706	#FFFFFF	930
707	#FFFFFF	930
708	#FFFFFF	506
709	#FFFFFF	506
710	#FFFFFF	506
711	#FFFFFF	930
712	#FFFFFF	217
713	#FFFFFF	217
714	#FFFFFF	217
715	#FFFFFF	217
716	#FFFFFF	217
717	#FFFFFF	217
718	#FFFFFF	930
719	#FFFFFF	930
720	#FFFFFF	930
721	#FFFFFF	506
722	#FFFFFF	930
723	#FFFFFF	930
724	#FFFFFF	930
725	#FFFFFF	930
726	#FFFFFF	930
727	#FFFFFF	930
728	#FFFFFF	930
729	#FFFFFF	930
730	#FFFFFF	930
731	#FFFFFF	930
732	#FFFFFF	506
733	#FFFFFF	930
734	#FFFFFF	930
735	#FFFFFF	930
736	#FFFFFF	930
737	#FFFFFF	930
738	#FFFFFF	930
739	#FFFFFF	930
740	#FFFFFF	930
741	#FFFFFF	930
742	#FFFFFF	930
743	#FFFFFF	506
744	#FFFFFF	930
745	#FFFFFF	930
746	#FFFFFF	930
747	#FFFFFF	930
748	#FFFFFF	930
749	#FFFFFF	930
750	#FFFFFF	930
751	#FFFFFF	930
752	#FFFFFF	930
753	#FFFFFF	506
754	#FFFFFF	930
755	#FFFFFF	506
756	#FFFFFF	930
757	#FFFFFF	930
759	#FFFFFF	506
760	#FFFFFF	506
761	#FFFFFF	506
762	#FFFFFF	930
763	#FFFFFF	930
764	#FFFFFF	930
765	#FFFFFF	217
766	#FFFFFF	217
767	#FFFFFF	217
768	#FFFFFF	217
769	#FFFFFF	930
770	#FFFFFF	930
771	#FFFFFF	506
772	#FFFFFF	930
773	#FFFFFF	930
774	#FFFFFF	930
775	#FFFFFF	930
776	#FFFFFF	930
777	#FFFFFF	930
778	#FFFFFF	506
779	#FFFFFF	930
780	#FFFFFF	930
781	#FFFFFF	930
782	#FFFFFF	506
783	#FFFFFF	930
784	#FFFFFF	930
785	#FFFFFF	930
786	#FFFFFF	930
787	#FFFFFF	930
788	#FFFFFF	930
789	#FFFFFF	930
790	#FFFFFF	930
791	#FFFFFF	930
792	#FFFFFF	930
793	#FFFFFF	506
794	#FFFFFF	930
795	#FFFFFF	930
796	#FFFFFF	930
797	#FFFFFF	930
798	#FFFFFF	930
799	#FFFFFF	930
800	#FFFFFF	930
801	#FFFFFF	930
802	#FFFFFF	930
804	#FFFFFF	506
805	#FFFFFF	506
806	#FFFFFF	506
807	#FFFFFF	506
808	#FFFFFF	506
809	#FFFFFF	506
810	#FFFFFF	506
811	#FFFFFF	506
812	#FFFFFF	506
813	#FFFFFF	930
814	#FFFFFF	930
815	#FFFFFF	217
816	#FFFFFF	217
817	#FFFFFF	217
818	#FFFFFF	217
819	#FFFFFF	930
820	#FFFFFF	930
821	#FFFFFF	930
822	#FFFFFF	506
823	#FFFFFF	930
824	#FFFFFF	930
825	#FFFFFF	930
826	#FFFFFF	930
827	#FFFFFF	930
828	#FFFFFF	506
829	#FFFFFF	930
830	#FFFFFF	930
831	#FFFFFF	930
832	#FFFFFF	930
833	#FFFFFF	506
834	#FFFFFF	930
835	#FFFFFF	930
836	#FFFFFF	930
837	#FFFFFF	930
838	#FFFFFF	930
839	#FFFFFF	930
840	#FFFFFF	930
841	#FFFFFF	930
842	#FFFFFF	930
843	#FFFFFF	930
844	#FFFFFF	506
845	#FFFFFF	930
846	#FFFFFF	930
847	#FFFFFF	930
848	#FFFFFF	930
849	#FFFFFF	930
850	#FFFFFF	930
851	#FFFFFF	930
852	#FFFFFF	930
853	#FFFFFF	930
854	#FFFFFF	506
855	#FFFFFF	506
856	#FFFFFF	506
857	#FFFFFF	506
858	#FFFFFF	506
860	#FFFFFF	506
861	#FFFFFF	506
862	#FFFFFF	506
863	#FFFFFF	506
864	#FFFFFF	930
865	#FFFFFF	217
866	#FFFFFF	217
867	#FFFFFF	217
868	#FFFFFF	217
869	#FFFFFF	217
870	#FFFFFF	930
871	#FFFFFF	930
872	#FFFFFF	506
873	#FFFFFF	930
874	#FFFFFF	930
875	#FFFFFF	930
876	#FFFFFF	930
877	#FFFFFF	930
878	#FFFFFF	506
879	#FFFFFF	930
880	#FFFFFF	930
881	#FFFFFF	930
882	#FFFFFF	930
883	#FFFFFF	506
884	#FFFFFF	930
885	#FFFFFF	930
886	#FFFFFF	930
887	#FFFFFF	930
888	#FFFFFF	930
889	#FFFFFF	930
890	#FFFFFF	930
891	#FFFFFF	930
892	#FFFFFF	930
893	#FFFFFF	930
894	#FFFFFF	506
895	#FFFFFF	930
896	#FFFFFF	930
897	#FFFFFF	930
898	#FFFFFF	930
899	#FFFFFF	930
900	#FFFFFF	930
901	#FFFFFF	930
902	#FFFFFF	930
903	#FFFFFF	930
905	#FFFFFF	506
906	#FFFFFF	506
907	#FFFFFF	930
908	#FFFFFF	930
909	#FFFFFF	930
910	#FFFFFF	506
911	#FFFFFF	506
912	#FFFFFF	506
913	#FFFFFF	506
914	#FFFFFF	506
915	#FFFFFF	930
916	#FFFFFF	930
917	#FFFFFF	930
918	#FFFFFF	217
919	#FFFFFF	217
920	#FFFFFF	217
921	#FFFFFF	930
922	#FFFFFF	930
923	#FFFFFF	506
924	#FFFFFF	930
925	#FFFFFF	930
926	#FFFFFF	930
927	#FFFFFF	930
928	#FFFFFF	930
929	#FFFFFF	506
930	#FFFFFF	930
931	#FFFFFF	930
932	#FFFFFF	930
933	#FFFFFF	930
934	#FFFFFF	506
935	#FFFFFF	930
936	#FFFFFF	930
937	#FFFFFF	930
938	#FFFFFF	930
939	#FFFFFF	930
940	#FFFFFF	930
941	#FFFFFF	930
942	#FFFFFF	930
943	#FFFFFF	930
944	#FFFFFF	930
945	#FFFFFF	506
946	#FFFFFF	930
947	#FFFFFF	930
948	#FFFFFF	930
949	#FFFFFF	930
950	#FFFFFF	930
951	#FFFFFF	930
952	#FFFFFF	930
953	#FFFFFF	930
954	#FFFFFF	930
955	#FFFFFF	506
956	#FFFFFF	506
957	#FFFFFF	930
958	#FFFFFF	930
959	#FFFFFF	930
961	#FFFFFF	506
962	#FFFFFF	506
963	#FFFFFF	930
964	#FFFFFF	930
965	#FFFFFF	930
966	#FFFFFF	930
967	#FFFFFF	930
968	#FFFFFF	930
969	#FFFFFF	217
970	#FFFFFF	217
971	#FFFFFF	217
972	#FFFFFF	930
973	#FFFFFF	506
974	#FFFFFF	930
975	#FFFFFF	930
976	#FFFFFF	930
977	#FFFFFF	930
978	#FFFFFF	930
979	#FFFFFF	506
980	#FFFFFF	506
981	#FFFFFF	930
982	#FFFFFF	930
983	#FFFFFF	930
984	#FFFFFF	506
985	#FFFFFF	930
986	#FFFFFF	930
987	#FFFFFF	930
988	#FFFFFF	506
989	#FFFFFF	930
990	#FFFFFF	930
991	#FFFFFF	930
992	#FFFFFF	930
993	#FFFFFF	930
994	#FFFFFF	930
995	#FFFFFF	506
996	#FFFFFF	930
997	#FFFFFF	930
998	#FFFFFF	930
999	#FFFFFF	930
1000	#FFFFFF	930
1001	#FFFFFF	930
1002	#FFFFFF	930
1003	#FFFFFF	930
1004	#FFFFFF	930
1006	#FFFFFF	506
1007	#FFFFFF	506
1008	#FFFFFF	506
1009	#FFFFFF	930
1010	#FFFFFF	930
1011	#FFFFFF	506
1012	#FFFFFF	506
1013	#FFFFFF	506
1014	#FFFFFF	930
1015	#FFFFFF	930
1016	#FFFFFF	930
1017	#FFFFFF	930
1018	#FFFFFF	930
1019	#FFFFFF	930
1020	#FFFFFF	217
1021	#FFFFFF	217
1022	#FFFFFF	930
1023	#FFFFFF	930
1024	#FFFFFF	506
1025	#FFFFFF	930
1026	#FFFFFF	930
1027	#FFFFFF	930
1028	#FFFFFF	930
1029	#FFFFFF	506
1030	#FFFFFF	930
1031	#FFFFFF	506
1032	#FFFFFF	930
1033	#FFFFFF	930
1034	#FFFFFF	930
1035	#FFFFFF	506
1036	#FFFFFF	930
1037	#FFFFFF	506
1038	#FFFFFF	930
1039	#FFFFFF	506
1040	#FFFFFF	930
1041	#FFFFFF	506
1042	#FFFFFF	930
1043	#FFFFFF	930
1044	#FFFFFF	930
1045	#FFFFFF	930
1046	#FFFFFF	506
1047	#FFFFFF	930
1048	#FFFFFF	930
1049	#FFFFFF	930
1050	#FFFFFF	930
1051	#FFFFFF	930
1052	#FFFFFF	930
1053	#FFFFFF	930
1054	#FFFFFF	930
1055	#FFFFFF	930
1056	#FFFFFF	506
1057	#FFFFFF	506
1058	#FFFFFF	930
1059	#FFFFFF	930
1060	#FFFFFF	930
1062	#FFFFFF	506
1063	#FFFFFF	506
1064	#FFFFFF	930
1065	#FFFFFF	930
1066	#FFFFFF	930
1067	#FFFFFF	930
1068	#FFFFFF	930
1069	#FFFFFF	930
1070	#FFFFFF	217
1071	#FFFFFF	930
1072	#FFFFFF	217
1073	#FFFFFF	930
1074	#FFFFFF	506
1075	#FFFFFF	930
1076	#FFFFFF	930
1077	#FFFFFF	930
1078	#FFFFFF	930
1079	#FFFFFF	930
1080	#FFFFFF	506
1081	#FFFFFF	930
1082	#FFFFFF	930
1083	#FFFFFF	930
1084	#FFFFFF	506
1085	#FFFFFF	506
1086	#FFFFFF	930
1087	#FFFFFF	506
1088	#FFFFFF	506
1089	#FFFFFF	930
1090	#FFFFFF	506
1091	#FFFFFF	506
1092	#FFFFFF	930
1093	#FFFFFF	930
1094	#FFFFFF	930
1095	#FFFFFF	930
1096	#FFFFFF	506
1097	#FFFFFF	930
1098	#FFFFFF	930
1099	#FFFFFF	930
1100	#FFFFFF	930
1101	#FFFFFF	930
1102	#FFFFFF	930
1103	#FFFFFF	930
1104	#FFFFFF	930
1105	#FFFFFF	930
1107	#FFFFFF	506
1108	#FFFFFF	506
1109	#FFFFFF	506
1110	#FFFFFF	930
1111	#FFFFFF	930
1112	#FFFFFF	506
1113	#FFFFFF	506
1114	#FFFFFF	506
1115	#FFFFFF	930
1116	#FFFFFF	930
1117	#FFFFFF	930
1118	#FFFFFF	930
1119	#FFFFFF	930
1120	#FFFFFF	930
1121	#FFFFFF	930
1122	#FFFFFF	217
1123	#FFFFFF	217
1124	#FFFFFF	930
1125	#FFFFFF	506
1126	#FFFFFF	930
1127	#FFFFFF	930
1128	#FFFFFF	930
1129	#FFFFFF	506
1130	#FFFFFF	930
1131	#FFFFFF	506
1132	#FFFFFF	930
1133	#FFFFFF	506
1134	#FFFFFF	930
1135	#FFFFFF	506
1136	#FFFFFF	506
1137	#FFFFFF	930
1138	#FFFFFF	506
1139	#FFFFFF	930
1140	#FFFFFF	506
1141	#FFFFFF	506
1142	#FFFFFF	506
1143	#FFFFFF	930
1144	#FFFFFF	930
1145	#FFFFFF	930
1146	#FFFFFF	930
1147	#FFFFFF	506
1148	#FFFFFF	930
1149	#FFFFFF	930
1150	#FFFFFF	930
1151	#FFFFFF	930
1152	#FFFFFF	930
1153	#FFFFFF	930
1154	#FFFFFF	930
1155	#FFFFFF	930
1156	#FFFFFF	930
1157	#FFFFFF	506
1158	#FFFFFF	506
1159	#FFFFFF	506
1160	#FFFFFF	930
1161	#FFFFFF	930
1163	#FFFFFF	930
1164	#FFFFFF	217
1165	#FFFFFF	930
1166	#FFFFFF	217
1167	#FFFFFF	930
1168	#FFFFFF	217
1169	#FFFFFF	930
1170	#FFFFFF	930
1171	#FFFFFF	930
1172	#FFFFFF	217
1173	#FFFFFF	217
1174	#FFFFFF	1461
1175	#FFFFFF	217
1176	#FFFFFF	217
1177	#FFFFFF	1461
1178	#FFFFFF	1461
1179	#FFFFFF	1461
1180	#FFFFFF	1461
1181	#FFFFFF	1461
1182	#FFFFFF	1461
1183	#FFFFFF	217
1184	#FFFFFF	217
1185	#FFFFFF	930
1186	#FFFFFF	930
1187	#FFFFFF	930
1188	#FFFFFF	217
1189	#FFFFFF	217
1190	#FFFFFF	217
1191	#FFFFFF	930
1192	#FFFFFF	930
1193	#FFFFFF	930
1194	#FFFFFF	930
1195	#FFFFFF	930
1196	#FFFFFF	930
1197	#FFFFFF	930
1198	#FFFFFF	930
1199	#FFFFFF	930
1200	#FFFFFF	167
1201	#FFFFFF	167
1202	#FFFFFF	930
1203	#FFFFFF	930
1204	#FFFFFF	930
1205	#FFFFFF	930
1206	#FFFFFF	930
1208	#FFFFFF	217
1209	#FFFFFF	217
1210	#FFFFFF	217
1211	#FFFFFF	217
1212	#FFFFFF	930
1213	#FFFFFF	217
1214	#FFFFFF	217
1215	#FFFFFF	217
1216	#FFFFFF	930
1217	#FFFFFF	217
1218	#FFFFFF	217
1219	#FFFFFF	217
1220	#FFFFFF	930
1221	#FFFFFF	930
1222	#FFFFFF	217
1223	#FFFFFF	1461
1224	#FFFFFF	1461
1225	#FFFFFF	1461
1226	#FFFFFF	217
1227	#FFFFFF	217
1228	#FFFFFF	1461
1229	#FFFFFF	1461
1230	#FFFFFF	1461
1231	#FFFFFF	217
1232	#FFFFFF	217
1233	#FFFFFF	217
1234	#FFFFFF	217
1235	#FFFFFF	930
1236	#FFFFFF	930
1237	#FFFFFF	217
1238	#FFFFFF	930
1239	#FFFFFF	217
1240	#FFFFFF	217
1241	#FFFFFF	217
1242	#FFFFFF	217
1243	#FFFFFF	930
1244	#FFFFFF	930
1245	#FFFFFF	930
1246	#FFFFFF	930
1247	#FFFFFF	930
1248	#FFFFFF	930
1249	#FFFFFF	930
1250	#FFFFFF	167
1251	#FFFFFF	930
1252	#FFFFFF	930
1253	#FFFFFF	930
1254	#FFFFFF	930
1255	#FFFFFF	930
1256	#FFFFFF	930
1257	#FFFFFF	930
1258	#FFFFFF	217
1259	#FFFFFF	217
1260	#FFFFFF	217
1261	#FFFFFF	217
1262	#FFFFFF	217
1264	#FFFFFF	506
1265	#FFFFFF	506
1266	#FFFFFF	930
1267	#FFFFFF	930
1268	#FFFFFF	930
1269	#FFFFFF	930
1270	#FFFFFF	930
1271	#FFFFFF	930
1272	#FFFFFF	930
1273	#FFFFFF	930
1274	#FFFFFF	930
1275	#FFFFFF	930
1276	#FFFFFF	506
1277	#FFFFFF	930
1278	#FFFFFF	506
1279	#FFFFFF	930
1280	#FFFFFF	930
1281	#FFFFFF	506
1282	#FFFFFF	506
1283	#FFFFFF	506
1284	#FFFFFF	506
1285	#FFFFFF	930
1286	#FFFFFF	506
1287	#FFFFFF	506
1288	#FFFFFF	506
1289	#FFFFFF	506
1290	#FFFFFF	506
1291	#FFFFFF	506
1292	#FFFFFF	506
1293	#FFFFFF	506
1294	#FFFFFF	930
1295	#FFFFFF	930
1296	#FFFFFF	930
1297	#FFFFFF	930
1298	#FFFFFF	506
1299	#FFFFFF	930
1300	#FFFFFF	930
1301	#FFFFFF	930
1302	#FFFFFF	930
1303	#FFFFFF	930
1304	#FFFFFF	930
1305	#FFFFFF	930
1306	#FFFFFF	930
1307	#FFFFFF	930
1309	#FFFFFF	506
1310	#FFFFFF	506
1311	#FFFFFF	506
1312	#FFFFFF	930
1313	#FFFFFF	930
1314	#FFFFFF	506
1315	#FFFFFF	506
1316	#FFFFFF	506
1317	#FFFFFF	506
1318	#FFFFFF	930
1319	#FFFFFF	930
1320	#FFFFFF	930
1321	#FFFFFF	930
1322	#FFFFFF	930
1323	#FFFFFF	930
1324	#FFFFFF	930
1325	#FFFFFF	930
1326	#FFFFFF	930
1327	#FFFFFF	506
1328	#FFFFFF	506
1329	#FFFFFF	930
1330	#FFFFFF	930
1331	#FFFFFF	506
1332	#FFFFFF	506
1333	#FFFFFF	506
1334	#FFFFFF	506
1335	#FFFFFF	506
1336	#FFFFFF	506
1337	#FFFFFF	506
1338	#FFFFFF	506
1339	#FFFFFF	506
1340	#FFFFFF	506
1341	#FFFFFF	506
1342	#FFFFFF	506
1343	#FFFFFF	506
1344	#FFFFFF	930
1345	#FFFFFF	930
1346	#FFFFFF	930
1347	#FFFFFF	930
1348	#FFFFFF	930
1349	#FFFFFF	506
1350	#FFFFFF	930
1351	#FFFFFF	930
1352	#FFFFFF	930
1353	#FFFFFF	930
1354	#FFFFFF	930
1355	#FFFFFF	930
1356	#FFFFFF	930
1357	#FFFFFF	930
1358	#FFFFFF	930
1359	#FFFFFF	506
1360	#FFFFFF	506
1361	#FFFFFF	506
1362	#FFFFFF	930
1363	#FFFFFF	930
1365	#FFFFFF	506
1366	#FFFFFF	506
1367	#FFFFFF	930
1368	#FFFFFF	506
1369	#FFFFFF	506
1370	#FFFFFF	930
1371	#FFFFFF	930
1372	#FFFFFF	930
1373	#FFFFFF	930
1374	#FFFFFF	930
1375	#FFFFFF	930
1376	#FFFFFF	930
1377	#FFFFFF	506
1378	#FFFFFF	506
1379	#FFFFFF	506
1380	#FFFFFF	506
1381	#FFFFFF	506
1382	#FFFFFF	506
1383	#FFFFFF	506
1384	#FFFFFF	506
1385	#FFFFFF	506
1386	#FFFFFF	506
1387	#FFFFFF	506
1388	#FFFFFF	506
1389	#FFFFFF	506
1390	#FFFFFF	506
1391	#FFFFFF	506
1392	#FFFFFF	506
1393	#FFFFFF	506
1394	#FFFFFF	506
1395	#FFFFFF	506
1396	#FFFFFF	930
1397	#FFFFFF	930
1398	#FFFFFF	930
1399	#FFFFFF	506
1400	#FFFFFF	930
1401	#FFFFFF	930
1402	#FFFFFF	930
1403	#FFFFFF	930
1404	#FFFFFF	930
1405	#FFFFFF	930
1406	#FFFFFF	930
1407	#FFFFFF	930
1408	#FFFFFF	930
1410	#FFFFFF	506
1411	#FFFFFF	506
1412	#FFFFFF	506
1413	#FFFFFF	506
1414	#FFFFFF	930
1415	#FFFFFF	506
1416	#FFFFFF	506
1417	#FFFFFF	506
1418	#FFFFFF	930
1419	#FFFFFF	506
1420	#FFFFFF	930
1421	#FFFFFF	930
1422	#FFFFFF	930
1423	#FFFFFF	930
1424	#FFFFFF	930
1425	#FFFFFF	930
1426	#FFFFFF	930
1427	#FFFFFF	930
1428	#FFFFFF	506
1429	#FFFFFF	506
1430	#FFFFFF	506
1431	#FFFFFF	506
1432	#FFFFFF	506
1433	#FFFFFF	506
1434	#FFFFFF	506
1435	#FFFFFF	506
1436	#FFFFFF	506
1437	#FFFFFF	506
1438	#FFFFFF	506
1439	#FFFFFF	506
1440	#FFFFFF	506
1441	#FFFFFF	506
1442	#FFFFFF	506
1443	#FFFFFF	930
1444	#FFFFFF	930
1445	#FFFFFF	506
1446	#FFFFFF	930
1447	#FFFFFF	930
1448	#FFFFFF	930
1449	#FFFFFF	930
1450	#FFFFFF	506
1451	#FFFFFF	930
1452	#FFFFFF	930
1453	#FFFFFF	930
1454	#FFFFFF	930
1455	#FFFFFF	930
1456	#FFFFFF	930
1457	#FFFFFF	930
1458	#FFFFFF	930
1459	#FFFFFF	930
1460	#FFFFFF	506
1461	#FFFFFF	506
1462	#FFFFFF	506
1463	#FFFFFF	930
1464	#FFFFFF	930
1466	#FFFFFF	506
1467	#FFFFFF	506
1468	#FFFFFF	930
1469	#FFFFFF	506
1470	#FFFFFF	506
1471	#FFFFFF	506
1472	#FFFFFF	930
1473	#FFFFFF	930
1474	#FFFFFF	930
1475	#FFFFFF	930
1476	#FFFFFF	930
1477	#FFFFFF	930
1478	#FFFFFF	506
1479	#FFFFFF	930
1480	#FFFFFF	930
1481	#FFFFFF	506
1482	#FFFFFF	506
1483	#FFFFFF	506
1484	#FFFFFF	506
1485	#FFFFFF	506
1486	#FFFFFF	506
1487	#FFFFFF	506
1488	#FFFFFF	506
1489	#FFFFFF	506
1490	#FFFFFF	506
1491	#FFFFFF	506
1492	#FFFFFF	930
1493	#FFFFFF	930
1494	#FFFFFF	930
1495	#FFFFFF	506
1496	#FFFFFF	930
1497	#FFFFFF	930
1498	#FFFFFF	930
1499	#FFFFFF	930
1500	#FFFFFF	506
1501	#FFFFFF	930
1502	#FFFFFF	930
1503	#FFFFFF	930
1504	#FFFFFF	930
1505	#FFFFFF	930
1506	#FFFFFF	930
1507	#FFFFFF	930
1508	#FFFFFF	930
1509	#FFFFFF	930
1511	#FFFFFF	506
1512	#FFFFFF	506
1513	#FFFFFF	506
1514	#FFFFFF	506
1515	#FFFFFF	930
1516	#FFFFFF	506
1517	#FFFFFF	506
1518	#FFFFFF	506
1519	#FFFFFF	930
1520	#FFFFFF	506
1521	#FFFFFF	506
1522	#FFFFFF	930
1523	#FFFFFF	930
1524	#FFFFFF	930
1525	#FFFFFF	930
1526	#FFFFFF	930
1527	#FFFFFF	506
1528	#FFFFFF	506
1529	#FFFFFF	506
1530	#FFFFFF	930
1531	#FFFFFF	930
1532	#FFFFFF	506
1533	#FFFFFF	506
1534	#FFFFFF	506
1535	#FFFFFF	506
1536	#FFFFFF	506
1537	#FFFFFF	506
1538	#FFFFFF	506
1539	#FFFFFF	506
1540	#FFFFFF	506
1541	#FFFFFF	506
1542	#FFFFFF	506
1543	#FFFFFF	930
1544	#FFFFFF	930
1545	#FFFFFF	930
1546	#FFFFFF	506
1547	#FFFFFF	930
1548	#FFFFFF	930
1549	#FFFFFF	930
1550	#FFFFFF	930
1551	#FFFFFF	506
1552	#FFFFFF	930
1553	#FFFFFF	930
1554	#FFFFFF	930
1555	#FFFFFF	930
1556	#FFFFFF	930
1557	#FFFFFF	930
1558	#FFFFFF	930
1559	#FFFFFF	930
1560	#FFFFFF	930
1561	#FFFFFF	506
1562	#FFFFFF	506
1563	#FFFFFF	506
1564	#FFFFFF	506
1565	#FFFFFF	930
1567	#FFFFFF	506
1568	#FFFFFF	506
1569	#FFFFFF	930
1570	#FFFFFF	506
1571	#FFFFFF	930
1572	#FFFFFF	930
1573	#FFFFFF	930
1574	#FFFFFF	930
1575	#FFFFFF	930
1576	#FFFFFF	930
1577	#FFFFFF	930
1578	#FFFFFF	506
1579	#FFFFFF	506
1580	#FFFFFF	930
1581	#FFFFFF	506
1582	#FFFFFF	506
1583	#FFFFFF	506
1584	#FFFFFF	506
1585	#FFFFFF	506
1586	#FFFFFF	506
1587	#FFFFFF	506
1588	#FFFFFF	506
1589	#FFFFFF	506
1590	#FFFFFF	506
1591	#FFFFFF	506
1592	#FFFFFF	506
1593	#FFFFFF	506
1594	#FFFFFF	930
1595	#FFFFFF	930
1596	#FFFFFF	930
1597	#FFFFFF	506
1598	#FFFFFF	930
1599	#FFFFFF	930
1600	#FFFFFF	930
1601	#FFFFFF	506
1602	#FFFFFF	930
1603	#FFFFFF	930
1604	#FFFFFF	930
1605	#FFFFFF	930
1606	#FFFFFF	930
1607	#FFFFFF	930
1608	#FFFFFF	930
1609	#FFFFFF	930
1610	#FFFFFF	930
1612	#FFFFFF	506
1613	#FFFFFF	506
1614	#FFFFFF	506
1615	#FFFFFF	506
1616	#FFFFFF	506
1617	#FFFFFF	506
1618	#FFFFFF	506
1619	#FFFFFF	506
1620	#FFFFFF	930
1621	#FFFFFF	506
1622	#FFFFFF	930
1623	#FFFFFF	930
1624	#FFFFFF	930
1625	#FFFFFF	930
1626	#FFFFFF	930
1627	#FFFFFF	930
1628	#FFFFFF	506
1629	#FFFFFF	506
1630	#FFFFFF	506
1631	#FFFFFF	506
1632	#FFFFFF	506
1633	#FFFFFF	506
1634	#FFFFFF	506
1635	#FFFFFF	506
1636	#FFFFFF	506
1637	#FFFFFF	506
1638	#FFFFFF	506
1639	#FFFFFF	506
1640	#FFFFFF	930
1641	#FFFFFF	506
1642	#FFFFFF	930
1643	#FFFFFF	506
1644	#FFFFFF	930
1645	#FFFFFF	930
1646	#FFFFFF	930
1647	#FFFFFF	930
1648	#FFFFFF	506
1649	#FFFFFF	930
1650	#FFFFFF	930
1651	#FFFFFF	930
1652	#FFFFFF	506
1653	#FFFFFF	930
1654	#FFFFFF	930
1655	#FFFFFF	930
1656	#FFFFFF	930
1657	#FFFFFF	930
1658	#FFFFFF	930
1659	#FFFFFF	930
1660	#FFFFFF	930
1661	#FFFFFF	930
1662	#FFFFFF	506
1663	#FFFFFF	506
1664	#FFFFFF	506
1665	#FFFFFF	506
1666	#FFFFFF	506
1668	#FFFFFF	506
1669	#FFFFFF	506
1670	#FFFFFF	506
1671	#FFFFFF	506
1672	#FFFFFF	930
1673	#FFFFFF	930
1674	#FFFFFF	930
1675	#FFFFFF	930
1676	#FFFFFF	930
1677	#FFFFFF	930
1678	#FFFFFF	930
1679	#FFFFFF	506
1680	#FFFFFF	506
1681	#FFFFFF	506
1682	#FFFFFF	506
1683	#FFFFFF	506
1684	#FFFFFF	506
1685	#FFFFFF	506
1686	#FFFFFF	506
1687	#FFFFFF	506
1688	#FFFFFF	506
1689	#FFFFFF	506
1690	#FFFFFF	930
1691	#FFFFFF	506
1692	#FFFFFF	930
1693	#FFFFFF	506
1694	#FFFFFF	930
1695	#FFFFFF	930
1696	#FFFFFF	930
1697	#FFFFFF	930
1698	#FFFFFF	930
1699	#FFFFFF	506
1700	#FFFFFF	930
1701	#FFFFFF	930
1702	#FFFFFF	506
1703	#FFFFFF	930
1704	#FFFFFF	930
1705	#FFFFFF	930
1706	#FFFFFF	930
1707	#FFFFFF	930
1708	#FFFFFF	930
1709	#FFFFFF	930
1710	#FFFFFF	930
1711	#FFFFFF	930
1713	#FFFFFF	506
1714	#FFFFFF	506
1715	#FFFFFF	506
1716	#FFFFFF	506
1717	#FFFFFF	506
1718	#FFFFFF	506
1719	#FFFFFF	506
1720	#FFFFFF	1169
1721	#FFFFFF	506
1722	#FFFFFF	506
1723	#FFFFFF	930
1724	#FFFFFF	930
1725	#FFFFFF	930
1726	#FFFFFF	930
1727	#FFFFFF	930
1728	#FFFFFF	930
1729	#FFFFFF	506
1730	#FFFFFF	506
1731	#FFFFFF	1169
1732	#FFFFFF	506
1733	#FFFFFF	506
1734	#FFFFFF	506
1735	#FFFFFF	506
1736	#FFFFFF	506
1737	#FFFFFF	506
1738	#FFFFFF	506
1739	#FFFFFF	506
1740	#FFFFFF	930
1741	#FFFFFF	930
1742	#FFFFFF	506
1743	#FFFFFF	930
1744	#FFFFFF	506
1745	#FFFFFF	930
1746	#FFFFFF	930
1747	#FFFFFF	930
1748	#FFFFFF	930
1749	#FFFFFF	930
1750	#FFFFFF	930
1751	#FFFFFF	930
1752	#FFFFFF	930
1753	#FFFFFF	506
1754	#FFFFFF	930
1755	#FFFFFF	930
1756	#FFFFFF	930
1757	#FFFFFF	930
1758	#FFFFFF	930
1759	#FFFFFF	930
1760	#FFFFFF	930
1761	#FFFFFF	930
1762	#FFFFFF	930
1763	#FFFFFF	506
1764	#FFFFFF	506
1765	#FFFFFF	506
1766	#FFFFFF	506
1767	#FFFFFF	506
1769	#FFFFFF	506
1770	#FFFFFF	506
1771	#FFFFFF	506
1772	#FFFFFF	506
1773	#FFFFFF	506
1774	#FFFFFF	930
1775	#FFFFFF	930
1776	#FFFFFF	930
1777	#FFFFFF	930
1778	#FFFFFF	930
1779	#FFFFFF	930
1780	#FFFFFF	506
1781	#FFFFFF	1169
1782	#FFFFFF	506
1783	#FFFFFF	506
1784	#FFFFFF	506
1785	#FFFFFF	506
1786	#FFFFFF	506
1787	#FFFFFF	506
1788	#FFFFFF	506
1789	#FFFFFF	506
1790	#FFFFFF	930
1791	#FFFFFF	930
1792	#FFFFFF	506
1793	#FFFFFF	930
1794	#FFFFFF	506
1795	#FFFFFF	930
1796	#FFFFFF	930
1797	#FFFFFF	930
1798	#FFFFFF	930
1799	#FFFFFF	930
1800	#FFFFFF	930
1801	#FFFFFF	930
1802	#FFFFFF	930
1803	#FFFFFF	506
1804	#FFFFFF	930
1805	#FFFFFF	930
1806	#FFFFFF	930
1807	#FFFFFF	930
1808	#FFFFFF	930
1809	#FFFFFF	930
1810	#FFFFFF	930
1811	#FFFFFF	930
1812	#FFFFFF	930
1814	#FFFFFF	506
1815	#FFFFFF	506
1816	#FFFFFF	506
1817	#FFFFFF	506
1818	#FFFFFF	506
1819	#FFFFFF	506
1820	#FFFFFF	506
1821	#FFFFFF	1169
1822	#FFFFFF	506
1823	#FFFFFF	506
1824	#FFFFFF	930
1825	#FFFFFF	930
1826	#FFFFFF	930
1827	#FFFFFF	930
1828	#FFFFFF	930
1829	#FFFFFF	506
1830	#FFFFFF	506
1831	#FFFFFF	506
1832	#FFFFFF	1169
1833	#FFFFFF	506
1834	#FFFFFF	506
1835	#FFFFFF	506
1836	#FFFFFF	506
1837	#FFFFFF	506
1838	#FFFFFF	506
1839	#FFFFFF	506
1840	#FFFFFF	506
1841	#FFFFFF	930
1842	#FFFFFF	930
1843	#FFFFFF	506
1844	#FFFFFF	930
1845	#FFFFFF	506
1846	#FFFFFF	930
1847	#FFFFFF	930
1848	#FFFFFF	930
1849	#FFFFFF	930
1850	#FFFFFF	930
1851	#FFFFFF	930
1852	#FFFFFF	930
1853	#FFFFFF	930
1854	#FFFFFF	506
1855	#FFFFFF	930
1856	#FFFFFF	930
1857	#FFFFFF	930
1858	#FFFFFF	930
1859	#FFFFFF	930
1860	#FFFFFF	930
1861	#FFFFFF	930
1862	#FFFFFF	930
1863	#FFFFFF	930
1864	#FFFFFF	506
1865	#FFFFFF	506
1866	#FFFFFF	506
1867	#FFFFFF	506
1868	#FFFFFF	506
1870	#FFFFFF	1169
1871	#FFFFFF	1169
1872	#FFFFFF	506
1873	#FFFFFF	506
1874	#FFFFFF	506
1875	#FFFFFF	930
1876	#FFFFFF	930
1877	#FFFFFF	930
1878	#FFFFFF	930
1879	#FFFFFF	930
1880	#FFFFFF	506
1881	#FFFFFF	506
1882	#FFFFFF	1169
1883	#FFFFFF	506
1884	#FFFFFF	506
1885	#FFFFFF	506
1886	#FFFFFF	506
1887	#FFFFFF	506
1888	#FFFFFF	506
1889	#FFFFFF	506
1890	#FFFFFF	506
1891	#FFFFFF	930
1892	#FFFFFF	930
1893	#FFFFFF	1169
1894	#FFFFFF	930
1895	#FFFFFF	930
1896	#FFFFFF	930
1897	#FFFFFF	930
1898	#FFFFFF	930
1899	#FFFFFF	930
1900	#FFFFFF	930
1901	#FFFFFF	930
1902	#FFFFFF	930
1903	#FFFFFF	930
1904	#FFFFFF	1169
1905	#FFFFFF	930
1906	#FFFFFF	930
1907	#FFFFFF	930
1908	#FFFFFF	930
1909	#FFFFFF	930
1910	#FFFFFF	930
1911	#FFFFFF	930
1912	#FFFFFF	930
1913	#FFFFFF	930
1915	#FFFFFF	506
1916	#FFFFFF	506
1917	#FFFFFF	506
1918	#FFFFFF	506
1919	#FFFFFF	506
1920	#FFFFFF	506
1921	#FFFFFF	1169
1922	#FFFFFF	1169
1923	#FFFFFF	506
1924	#FFFFFF	506
1925	#FFFFFF	506
1926	#FFFFFF	930
1927	#FFFFFF	930
1928	#FFFFFF	930
1929	#FFFFFF	930
1930	#FFFFFF	506
1931	#FFFFFF	506
1932	#FFFFFF	506
1933	#FFFFFF	1169
1934	#FFFFFF	506
1935	#FFFFFF	506
1936	#FFFFFF	506
1937	#FFFFFF	506
1938	#FFFFFF	930
1939	#FFFFFF	930
1940	#FFFFFF	930
1941	#FFFFFF	930
1942	#FFFFFF	930
1943	#FFFFFF	930
1944	#FFFFFF	1169
1945	#FFFFFF	930
1946	#FFFFFF	930
1947	#FFFFFF	930
1948	#FFFFFF	930
1949	#FFFFFF	930
1950	#FFFFFF	930
1951	#FFFFFF	930
1952	#FFFFFF	930
1953	#FFFFFF	930
1954	#FFFFFF	930
1955	#FFFFFF	1169
1956	#FFFFFF	930
1957	#FFFFFF	930
1958	#FFFFFF	930
1959	#FFFFFF	930
1960	#FFFFFF	930
1961	#FFFFFF	930
1962	#FFFFFF	930
1963	#FFFFFF	930
1964	#FFFFFF	930
1965	#FFFFFF	506
1966	#FFFFFF	506
1967	#FFFFFF	506
1968	#FFFFFF	506
1969	#FFFFFF	506
1971	#FFFFFF	1169
1972	#FFFFFF	1169
1973	#FFFFFF	506
1974	#FFFFFF	506
1975	#FFFFFF	506
1976	#FFFFFF	506
1977	#FFFFFF	506
1978	#FFFFFF	930
1979	#FFFFFF	930
1980	#FFFFFF	506
1981	#FFFFFF	506
1982	#FFFFFF	506
1983	#FFFFFF	1169
1984	#FFFFFF	506
1985	#FFFFFF	506
1986	#FFFFFF	506
1987	#FFFFFF	506
1988	#FFFFFF	930
1989	#FFFFFF	930
1990	#FFFFFF	930
1991	#FFFFFF	930
1992	#FFFFFF	930
1993	#FFFFFF	930
1994	#FFFFFF	1169
1995	#FFFFFF	930
1996	#FFFFFF	930
1997	#FFFFFF	930
1998	#FFFFFF	930
1999	#FFFFFF	930
2000	#FFFFFF	930
2001	#FFFFFF	930
2002	#FFFFFF	930
2003	#FFFFFF	930
2004	#FFFFFF	930
2005	#FFFFFF	1169
2006	#FFFFFF	930
2007	#FFFFFF	930
2008	#FFFFFF	930
2009	#FFFFFF	930
2010	#FFFFFF	930
2011	#FFFFFF	930
2012	#FFFFFF	930
2013	#FFFFFF	930
2014	#FFFFFF	930
2016	#FFFFFF	506
2017	#FFFFFF	506
2018	#FFFFFF	506
2019	#FFFFFF	506
2020	#FFFFFF	506
2021	#FFFFFF	1169
2022	#FFFFFF	1169
2023	#FFFFFF	1169
2024	#FFFFFF	506
2025	#FFFFFF	506
2026	#FFFFFF	506
2027	#FFFFFF	506
2028	#FFFFFF	506
2029	#FFFFFF	930
2030	#FFFFFF	506
2031	#FFFFFF	506
2032	#FFFFFF	506
2033	#FFFFFF	506
2034	#FFFFFF	1169
2035	#FFFFFF	506
2036	#FFFFFF	506
2037	#FFFFFF	506
2038	#FFFFFF	930
2039	#FFFFFF	930
2040	#FFFFFF	930
2041	#FFFFFF	930
2042	#FFFFFF	930
2043	#FFFFFF	930
2044	#FFFFFF	930
2045	#FFFFFF	1169
2046	#FFFFFF	930
2047	#FFFFFF	930
2048	#FFFFFF	930
2049	#FFFFFF	930
2050	#FFFFFF	930
2051	#FFFFFF	930
2052	#FFFFFF	930
2053	#FFFFFF	930
2054	#FFFFFF	930
2055	#FFFFFF	930
2056	#FFFFFF	1169
2057	#FFFFFF	930
2058	#FFFFFF	930
2059	#FFFFFF	930
2060	#FFFFFF	930
2061	#FFFFFF	930
2062	#FFFFFF	930
2063	#FFFFFF	930
2064	#FFFFFF	930
2065	#FFFFFF	930
2066	#FFFFFF	506
2067	#FFFFFF	506
2068	#FFFFFF	506
2069	#FFFFFF	506
2070	#FFFFFF	506
2072	#FFFFFF	1169
2073	#FFFFFF	1169
2074	#FFFFFF	506
2075	#FFFFFF	506
2076	#FFFFFF	506
2077	#FFFFFF	506
2078	#FFFFFF	506
2079	#FFFFFF	930
2080	#FFFFFF	506
2081	#FFFFFF	506
2082	#FFFFFF	506
2083	#FFFFFF	506
2084	#FFFFFF	1169
2085	#FFFFFF	506
2086	#FFFFFF	506
2087	#FFFFFF	506
2088	#FFFFFF	506
2089	#FFFFFF	506
2090	#FFFFFF	506
2091	#FFFFFF	930
2092	#FFFFFF	930
2093	#FFFFFF	930
2094	#FFFFFF	930
2095	#FFFFFF	1169
2096	#FFFFFF	930
2097	#FFFFFF	930
2098	#FFFFFF	930
2099	#FFFFFF	930
2100	#FFFFFF	930
2101	#FFFFFF	930
2102	#FFFFFF	930
2103	#FFFFFF	930
2104	#FFFFFF	930
2105	#FFFFFF	930
2106	#FFFFFF	1169
2107	#FFFFFF	930
2108	#FFFFFF	930
2109	#FFFFFF	930
2110	#FFFFFF	930
2111	#FFFFFF	930
2112	#FFFFFF	930
2113	#FFFFFF	930
2114	#FFFFFF	930
2115	#FFFFFF	930
2117	#FFFFFF	506
2118	#FFFFFF	506
2119	#FFFFFF	506
2120	#FFFFFF	506
2121	#FFFFFF	506
2122	#FFFFFF	1169
2123	#FFFFFF	1169
2124	#FFFFFF	1169
2125	#FFFFFF	506
2126	#FFFFFF	506
2127	#FFFFFF	1169
2128	#FFFFFF	1169
2129	#FFFFFF	506
2130	#FFFFFF	506
2131	#FFFFFF	506
2132	#FFFFFF	506
2133	#FFFFFF	506
2134	#FFFFFF	506
2135	#FFFFFF	1169
2136	#FFFFFF	506
2137	#FFFFFF	930
2138	#FFFFFF	506
2139	#FFFFFF	506
2140	#FFFFFF	506
2141	#FFFFFF	506
2142	#FFFFFF	930
2143	#FFFFFF	930
2144	#FFFFFF	930
2145	#FFFFFF	930
2146	#FFFFFF	1169
2147	#FFFFFF	930
2148	#FFFFFF	930
2149	#FFFFFF	930
2150	#FFFFFF	930
2151	#FFFFFF	930
2152	#FFFFFF	930
2153	#FFFFFF	930
2154	#FFFFFF	930
2155	#FFFFFF	930
2156	#FFFFFF	930
2157	#FFFFFF	506
2158	#FFFFFF	930
2159	#FFFFFF	930
2160	#FFFFFF	930
2161	#FFFFFF	930
2162	#FFFFFF	930
2163	#FFFFFF	930
2164	#FFFFFF	930
2165	#FFFFFF	930
2166	#FFFFFF	930
2167	#FFFFFF	506
2168	#FFFFFF	506
2169	#FFFFFF	506
2170	#FFFFFF	506
2171	#FFFFFF	506
2173	#FFFFFF	1169
2174	#FFFFFF	1169
2175	#FFFFFF	506
2176	#FFFFFF	506
2177	#FFFFFF	506
2178	#FFFFFF	1169
2179	#FFFFFF	506
2180	#FFFFFF	506
2181	#FFFFFF	506
2182	#FFFFFF	506
2183	#FFFFFF	506
2184	#FFFFFF	506
2185	#FFFFFF	1169
2186	#FFFFFF	506
2187	#FFFFFF	930
2188	#FFFFFF	930
2189	#FFFFFF	930
2190	#FFFFFF	930
2191	#FFFFFF	930
2192	#FFFFFF	930
2193	#FFFFFF	930
2194	#FFFFFF	930
2195	#FFFFFF	930
2196	#FFFFFF	1169
2197	#FFFFFF	930
2198	#FFFFFF	506
2199	#FFFFFF	930
2200	#FFFFFF	930
2201	#FFFFFF	930
2202	#FFFFFF	930
2203	#FFFFFF	930
2204	#FFFFFF	930
2205	#FFFFFF	930
2206	#FFFFFF	930
2207	#FFFFFF	1169
2208	#FFFFFF	930
2209	#FFFFFF	930
2210	#FFFFFF	930
2211	#FFFFFF	930
2212	#FFFFFF	930
2213	#FFFFFF	930
2214	#FFFFFF	930
2215	#FFFFFF	930
2216	#FFFFFF	930
2218	#FFFFFF	506
2219	#FFFFFF	506
2220	#FFFFFF	506
2221	#FFFFFF	506
2222	#FFFFFF	506
2223	#FFFFFF	1169
2224	#FFFFFF	1169
2225	#FFFFFF	1169
2226	#FFFFFF	506
2227	#FFFFFF	506
2228	#FFFFFF	1169
2229	#FFFFFF	1169
2230	#FFFFFF	506
2231	#FFFFFF	506
2232	#FFFFFF	506
2233	#FFFFFF	506
2234	#FFFFFF	506
2235	#FFFFFF	506
2236	#FFFFFF	1169
2237	#FFFFFF	930
2238	#FFFFFF	930
2239	#FFFFFF	930
2240	#FFFFFF	930
2241	#FFFFFF	930
2242	#FFFFFF	930
2243	#FFFFFF	930
2244	#FFFFFF	930
2245	#FFFFFF	930
2246	#FFFFFF	930
2247	#FFFFFF	1169
2248	#FFFFFF	930
2249	#FFFFFF	506
2250	#FFFFFF	930
2251	#FFFFFF	930
2252	#FFFFFF	930
2253	#FFFFFF	930
2254	#FFFFFF	930
2255	#FFFFFF	930
2256	#FFFFFF	930
2257	#FFFFFF	930
2258	#FFFFFF	1169
2259	#FFFFFF	930
2260	#FFFFFF	930
2261	#FFFFFF	930
2262	#FFFFFF	930
2263	#FFFFFF	930
2264	#FFFFFF	930
2265	#FFFFFF	930
2266	#FFFFFF	930
2267	#FFFFFF	930
2268	#FFFFFF	1169
2269	#FFFFFF	506
2270	#FFFFFF	1169
2271	#FFFFFF	506
2272	#FFFFFF	506
2274	#FFFFFF	217
2275	#FFFFFF	217
2276	#FFFFFF	930
2277	#FFFFFF	217
2278	#FFFFFF	217
2279	#FFFFFF	217
2280	#FFFFFF	930
2281	#FFFFFF	217
2282	#FFFFFF	217
2283	#FFFFFF	217
2284	#FFFFFF	1461
2285	#FFFFFF	217
2286	#FFFFFF	217
2287	#FFFFFF	217
2288	#FFFFFF	1461
2289	#FFFFFF	1461
2290	#FFFFFF	1461
2291	#FFFFFF	1461
2292	#FFFFFF	217
2293	#FFFFFF	217
2294	#FFFFFF	217
2295	#FFFFFF	217
2296	#FFFFFF	930
2297	#FFFFFF	217
2298	#FFFFFF	217
2299	#FFFFFF	217
2300	#FFFFFF	217
2301	#FFFFFF	930
2302	#FFFFFF	217
2303	#FFFFFF	930
2304	#FFFFFF	930
2305	#FFFFFF	930
2306	#FFFFFF	930
2307	#FFFFFF	930
2308	#FFFFFF	217
2309	#FFFFFF	930
2310	#FFFFFF	930
2311	#FFFFFF	930
2312	#FFFFFF	930
2313	#FFFFFF	930
2314	#FFFFFF	930
2315	#FFFFFF	930
2316	#FFFFFF	930
2317	#FFFFFF	930
2319	#FFFFFF	217
2320	#FFFFFF	217
2321	#FFFFFF	217
2322	#FFFFFF	217
2323	#FFFFFF	217
2324	#FFFFFF	217
2325	#FFFFFF	217
2326	#FFFFFF	217
2327	#FFFFFF	217
2328	#FFFFFF	217
2329	#FFFFFF	217
2330	#FFFFFF	930
2331	#FFFFFF	930
2332	#FFFFFF	217
2333	#FFFFFF	217
2334	#FFFFFF	1461
2335	#FFFFFF	1461
2336	#FFFFFF	217
2337	#FFFFFF	217
2338	#FFFFFF	1461
2339	#FFFFFF	1461
2340	#FFFFFF	1461
2341	#FFFFFF	217
2342	#FFFFFF	1461
2343	#FFFFFF	217
2344	#FFFFFF	217
2345	#FFFFFF	217
2346	#FFFFFF	930
2347	#FFFFFF	930
2348	#FFFFFF	217
2349	#FFFFFF	217
2350	#FFFFFF	217
2351	#FFFFFF	930
2352	#FFFFFF	217
2353	#FFFFFF	930
2354	#FFFFFF	930
2355	#FFFFFF	930
2356	#FFFFFF	930
2357	#FFFFFF	930
2358	#FFFFFF	930
2359	#FFFFFF	217
2360	#FFFFFF	930
2361	#FFFFFF	930
2362	#FFFFFF	930
2363	#FFFFFF	930
2364	#FFFFFF	930
2365	#FFFFFF	930
2366	#FFFFFF	930
2367	#FFFFFF	930
2368	#FFFFFF	930
2369	#FFFFFF	217
2370	#FFFFFF	217
2371	#FFFFFF	217
2372	#FFFFFF	217
2373	#FFFFFF	217
2375	#FFFFFF	1169
2376	#FFFFFF	1169
2377	#FFFFFF	506
2378	#FFFFFF	1169
2379	#FFFFFF	1169
2380	#FFFFFF	1169
2381	#FFFFFF	1169
2382	#FFFFFF	506
2383	#FFFFFF	506
2384	#FFFFFF	506
2385	#FFFFFF	506
2386	#FFFFFF	506
2387	#FFFFFF	1169
2388	#FFFFFF	930
2389	#FFFFFF	930
2390	#FFFFFF	930
2391	#FFFFFF	930
2392	#FFFFFF	930
2393	#FFFFFF	930
2394	#FFFFFF	930
2395	#FFFFFF	930
2396	#FFFFFF	930
2397	#FFFFFF	930
2398	#FFFFFF	1169
2399	#FFFFFF	930
2400	#FFFFFF	506
2401	#FFFFFF	930
2402	#FFFFFF	930
2403	#FFFFFF	506
2404	#FFFFFF	930
2405	#FFFFFF	506
2406	#FFFFFF	506
2407	#FFFFFF	930
2408	#FFFFFF	930
2409	#FFFFFF	1169
2410	#FFFFFF	930
2411	#FFFFFF	930
2412	#FFFFFF	930
2413	#FFFFFF	930
2414	#FFFFFF	930
2415	#FFFFFF	930
2416	#FFFFFF	930
2417	#FFFFFF	930
2418	#FFFFFF	930
2420	#FFFFFF	1169
2421	#FFFFFF	1169
2422	#FFFFFF	1169
2423	#FFFFFF	506
2424	#FFFFFF	506
2425	#FFFFFF	1169
2426	#FFFFFF	1169
2427	#FFFFFF	1169
2428	#FFFFFF	1169
2429	#FFFFFF	1169
2430	#FFFFFF	1169
2431	#FFFFFF	506
2432	#FFFFFF	506
2433	#FFFFFF	506
2434	#FFFFFF	506
2435	#FFFFFF	506
2436	#FFFFFF	506
2437	#FFFFFF	930
2438	#FFFFFF	1169
2439	#FFFFFF	930
2440	#FFFFFF	930
2441	#FFFFFF	930
2442	#FFFFFF	930
2443	#FFFFFF	930
2444	#FFFFFF	930
2445	#FFFFFF	930
2446	#FFFFFF	930
2447	#FFFFFF	930
2448	#FFFFFF	930
2449	#FFFFFF	1169
2450	#FFFFFF	506
2451	#FFFFFF	930
2452	#FFFFFF	930
2453	#FFFFFF	930
2454	#FFFFFF	506
2455	#FFFFFF	930
2456	#FFFFFF	506
2457	#FFFFFF	506
2458	#FFFFFF	930
2459	#FFFFFF	930
2460	#FFFFFF	1169
2461	#FFFFFF	930
2462	#FFFFFF	930
2463	#FFFFFF	930
2464	#FFFFFF	930
2465	#FFFFFF	930
2466	#FFFFFF	930
2467	#FFFFFF	930
2468	#FFFFFF	930
2469	#FFFFFF	930
2470	#FFFFFF	1169
2471	#FFFFFF	1169
2472	#FFFFFF	506
2473	#FFFFFF	506
2474	#FFFFFF	1169
2476	#FFFFFF	1169
2477	#FFFFFF	1169
2478	#FFFFFF	1169
2479	#FFFFFF	1169
2480	#FFFFFF	1169
2481	#FFFFFF	1169
2482	#FFFFFF	506
2483	#FFFFFF	506
2484	#FFFFFF	506
2485	#FFFFFF	506
2486	#FFFFFF	506
2487	#FFFFFF	506
2488	#FFFFFF	1169
2489	#FFFFFF	930
2490	#FFFFFF	930
2491	#FFFFFF	930
2492	#FFFFFF	930
2493	#FFFFFF	930
2494	#FFFFFF	930
2495	#FFFFFF	930
2496	#FFFFFF	930
2497	#FFFFFF	930
2498	#FFFFFF	930
2499	#FFFFFF	1169
2500	#FFFFFF	506
2501	#FFFFFF	506
2502	#FFFFFF	930
2503	#FFFFFF	506
2504	#FFFFFF	506
2505	#FFFFFF	930
2506	#FFFFFF	930
2507	#FFFFFF	506
2508	#FFFFFF	930
2509	#FFFFFF	930
2510	#FFFFFF	1169
2511	#FFFFFF	930
2512	#FFFFFF	930
2513	#FFFFFF	930
2514	#FFFFFF	930
2515	#FFFFFF	930
2516	#FFFFFF	930
2517	#FFFFFF	930
2518	#FFFFFF	930
2519	#FFFFFF	930
2521	#FFFFFF	1169
2522	#FFFFFF	1169
2523	#FFFFFF	1169
2524	#FFFFFF	1169
2525	#FFFFFF	1169
2526	#FFFFFF	1169
2527	#FFFFFF	1169
2528	#FFFFFF	1169
2529	#FFFFFF	1169
2530	#FFFFFF	1169
2531	#FFFFFF	1169
2532	#FFFFFF	506
2533	#FFFFFF	506
2534	#FFFFFF	506
2535	#FFFFFF	506
2536	#FFFFFF	506
2537	#FFFFFF	506
2538	#FFFFFF	930
2539	#FFFFFF	1169
2540	#FFFFFF	930
2541	#FFFFFF	930
2542	#FFFFFF	930
2543	#FFFFFF	930
2544	#FFFFFF	930
2545	#FFFFFF	930
2546	#FFFFFF	930
2547	#FFFFFF	930
2548	#FFFFFF	930
2549	#FFFFFF	506
2550	#FFFFFF	1169
2551	#FFFFFF	506
2552	#FFFFFF	506
2553	#FFFFFF	930
2554	#FFFFFF	506
2555	#FFFFFF	506
2556	#FFFFFF	930
2557	#FFFFFF	506
2558	#FFFFFF	506
2559	#FFFFFF	930
2560	#FFFFFF	930
2561	#FFFFFF	1169
2562	#FFFFFF	930
2563	#FFFFFF	930
2564	#FFFFFF	930
2565	#FFFFFF	930
2566	#FFFFFF	930
2567	#FFFFFF	930
2568	#FFFFFF	930
2569	#FFFFFF	930
2570	#FFFFFF	930
2571	#FFFFFF	1169
2572	#FFFFFF	1169
2573	#FFFFFF	1169
2574	#FFFFFF	1169
2575	#FFFFFF	1169
2577	#FFFFFF	1169
2578	#FFFFFF	1169
2579	#FFFFFF	1169
2580	#FFFFFF	1169
2581	#FFFFFF	1169
2582	#FFFFFF	1169
2583	#FFFFFF	506
2584	#FFFFFF	506
2585	#FFFFFF	506
2586	#FFFFFF	506
2587	#FFFFFF	506
2588	#FFFFFF	506
2589	#FFFFFF	1169
2590	#FFFFFF	930
2591	#FFFFFF	930
2592	#FFFFFF	930
2593	#FFFFFF	930
2594	#FFFFFF	930
2595	#FFFFFF	930
2596	#FFFFFF	930
2597	#FFFFFF	930
2598	#FFFFFF	930
2599	#FFFFFF	506
2600	#FFFFFF	1169
2601	#FFFFFF	506
2602	#FFFFFF	930
2603	#FFFFFF	506
2604	#FFFFFF	506
2605	#FFFFFF	506
2606	#FFFFFF	506
2607	#FFFFFF	506
2608	#FFFFFF	506
2609	#FFFFFF	930
2610	#FFFFFF	930
2611	#FFFFFF	1169
2612	#FFFFFF	930
2613	#FFFFFF	930
2614	#FFFFFF	930
2615	#FFFFFF	930
2616	#FFFFFF	930
2617	#FFFFFF	930
2618	#FFFFFF	930
2619	#FFFFFF	930
2620	#FFFFFF	930
2622	#FFFFFF	1169
2623	#FFFFFF	1169
2624	#FFFFFF	1169
2625	#FFFFFF	1169
2626	#FFFFFF	1169
2627	#FFFFFF	1169
2628	#FFFFFF	1169
2629	#FFFFFF	1169
2630	#FFFFFF	1169
2631	#FFFFFF	1169
2632	#FFFFFF	1169
2633	#FFFFFF	1169
2634	#FFFFFF	506
2635	#FFFFFF	506
2636	#FFFFFF	506
2637	#FFFFFF	506
2638	#FFFFFF	506
2639	#FFFFFF	506
2640	#FFFFFF	1169
2641	#FFFFFF	930
2642	#FFFFFF	930
2643	#FFFFFF	930
2644	#FFFFFF	930
2645	#FFFFFF	930
2646	#FFFFFF	930
2647	#FFFFFF	930
2648	#FFFFFF	930
2649	#FFFFFF	930
2650	#FFFFFF	930
2651	#FFFFFF	1169
2652	#FFFFFF	506
2653	#FFFFFF	930
2654	#FFFFFF	506
2655	#FFFFFF	506
2656	#FFFFFF	506
2657	#FFFFFF	506
2658	#FFFFFF	506
2659	#FFFFFF	506
2660	#FFFFFF	930
2661	#FFFFFF	930
2662	#FFFFFF	1169
2663	#FFFFFF	930
2664	#FFFFFF	930
2665	#FFFFFF	930
2666	#FFFFFF	930
2667	#FFFFFF	930
2668	#FFFFFF	930
2669	#FFFFFF	930
2670	#FFFFFF	930
2671	#FFFFFF	930
2672	#FFFFFF	1169
2673	#FFFFFF	1169
2674	#FFFFFF	1169
2675	#FFFFFF	1169
2676	#FFFFFF	1169
2678	#FFFFFF	1169
2679	#FFFFFF	1169
2680	#FFFFFF	1169
2681	#FFFFFF	1169
2682	#FFFFFF	1169
2683	#FFFFFF	1169
2684	#FFFFFF	506
2685	#FFFFFF	506
2686	#FFFFFF	506
2687	#FFFFFF	506
2688	#FFFFFF	506
2689	#FFFFFF	506
2690	#FFFFFF	1169
2691	#FFFFFF	930
2692	#FFFFFF	930
2693	#FFFFFF	930
2694	#FFFFFF	930
2695	#FFFFFF	930
2696	#FFFFFF	930
2697	#FFFFFF	930
2698	#FFFFFF	930
2699	#FFFFFF	930
2700	#FFFFFF	930
2701	#FFFFFF	1169
2702	#FFFFFF	930
2703	#FFFFFF	930
2704	#FFFFFF	506
2705	#FFFFFF	506
2706	#FFFFFF	506
2707	#FFFFFF	506
2708	#FFFFFF	506
2709	#FFFFFF	506
2710	#FFFFFF	930
2711	#FFFFFF	930
2712	#FFFFFF	1169
2713	#FFFFFF	930
2714	#FFFFFF	930
2715	#FFFFFF	930
2716	#FFFFFF	930
2717	#FFFFFF	930
2718	#FFFFFF	506
2719	#FFFFFF	930
2720	#FFFFFF	930
2721	#FFFFFF	930
2723	#FFFFFF	1169
2724	#FFFFFF	1169
2725	#FFFFFF	1169
2726	#FFFFFF	1169
2727	#FFFFFF	1169
2728	#FFFFFF	1169
2729	#FFFFFF	1169
2730	#FFFFFF	1169
2731	#FFFFFF	1169
2732	#FFFFFF	1169
2733	#FFFFFF	1169
2734	#FFFFFF	506
2735	#FFFFFF	506
2736	#FFFFFF	506
2737	#FFFFFF	506
2738	#FFFFFF	506
2739	#FFFFFF	506
2740	#FFFFFF	506
2741	#FFFFFF	1169
2742	#FFFFFF	930
2743	#FFFFFF	930
2744	#FFFFFF	930
2745	#FFFFFF	930
2746	#FFFFFF	930
2747	#FFFFFF	930
2748	#FFFFFF	930
2749	#FFFFFF	930
2750	#FFFFFF	930
2751	#FFFFFF	930
2752	#FFFFFF	1169
2753	#FFFFFF	930
2754	#FFFFFF	930
2755	#FFFFFF	506
2756	#FFFFFF	506
2757	#FFFFFF	506
2758	#FFFFFF	506
2759	#FFFFFF	506
2760	#FFFFFF	930
2761	#FFFFFF	930
2762	#FFFFFF	930
2763	#FFFFFF	1169
2764	#FFFFFF	930
2765	#FFFFFF	930
2766	#FFFFFF	930
2767	#FFFFFF	930
2768	#FFFFFF	506
2769	#FFFFFF	930
2770	#FFFFFF	930
2771	#FFFFFF	930
2772	#FFFFFF	930
2773	#FFFFFF	1169
2774	#FFFFFF	1169
2775	#FFFFFF	1169
2776	#FFFFFF	1169
2777	#FFFFFF	1169
2779	#FFFFFF	1169
2780	#FFFFFF	1169
2781	#FFFFFF	1169
2782	#FFFFFF	1169
2783	#FFFFFF	1169
2784	#FFFFFF	506
2785	#FFFFFF	506
2786	#FFFFFF	506
2787	#FFFFFF	506
2788	#FFFFFF	506
2789	#FFFFFF	506
2790	#FFFFFF	506
2791	#FFFFFF	1169
2792	#FFFFFF	506
2793	#FFFFFF	930
2794	#FFFFFF	930
2795	#FFFFFF	930
2796	#FFFFFF	930
2797	#FFFFFF	930
2798	#FFFFFF	930
2799	#FFFFFF	930
2800	#FFFFFF	930
2801	#FFFFFF	930
2802	#FFFFFF	1169
2803	#FFFFFF	930
2804	#FFFFFF	930
2805	#FFFFFF	506
2806	#FFFFFF	506
2807	#FFFFFF	506
2808	#FFFFFF	506
2809	#FFFFFF	506
2810	#FFFFFF	506
2811	#FFFFFF	930
2812	#FFFFFF	930
2813	#FFFFFF	1169
2814	#FFFFFF	930
2815	#FFFFFF	930
2816	#FFFFFF	930
2817	#FFFFFF	930
2818	#FFFFFF	930
2819	#FFFFFF	506
2820	#FFFFFF	930
2821	#FFFFFF	930
2822	#FFFFFF	930
2824	#FFFFFF	1169
2825	#FFFFFF	1169
2826	#FFFFFF	1169
2827	#FFFFFF	1169
2828	#FFFFFF	1169
2829	#FFFFFF	1169
2830	#FFFFFF	1169
2831	#FFFFFF	1169
2832	#FFFFFF	1169
2833	#FFFFFF	1169
2834	#FFFFFF	1169
2835	#FFFFFF	506
2836	#FFFFFF	506
2837	#FFFFFF	506
2838	#FFFFFF	506
2839	#FFFFFF	506
2840	#FFFFFF	506
2841	#FFFFFF	506
2842	#FFFFFF	1169
2843	#FFFFFF	506
2844	#FFFFFF	506
2845	#FFFFFF	506
2846	#FFFFFF	930
2847	#FFFFFF	930
2848	#FFFFFF	930
2849	#FFFFFF	930
2850	#FFFFFF	930
2851	#FFFFFF	930
2852	#FFFFFF	930
2853	#FFFFFF	1169
2854	#FFFFFF	506
2855	#FFFFFF	506
2856	#FFFFFF	506
2857	#FFFFFF	506
2858	#FFFFFF	506
2859	#FFFFFF	506
2860	#FFFFFF	506
2861	#FFFFFF	930
2862	#FFFFFF	930
2863	#FFFFFF	930
2864	#FFFFFF	1169
2865	#FFFFFF	930
2866	#FFFFFF	930
2867	#FFFFFF	930
2868	#FFFFFF	930
2869	#FFFFFF	506
2870	#FFFFFF	506
2871	#FFFFFF	930
2872	#FFFFFF	930
2873	#FFFFFF	930
2874	#FFFFFF	1169
2875	#FFFFFF	1169
2876	#FFFFFF	1169
2877	#FFFFFF	1169
2878	#FFFFFF	1169
2880	#FFFFFF	1169
2881	#FFFFFF	1169
2882	#FFFFFF	1169
2883	#FFFFFF	1169
2884	#FFFFFF	1169
2885	#FFFFFF	506
2886	#FFFFFF	506
2887	#FFFFFF	506
2888	#FFFFFF	506
2889	#FFFFFF	506
2890	#FFFFFF	506
2891	#FFFFFF	506
2892	#FFFFFF	1169
2893	#FFFFFF	506
2894	#FFFFFF	506
2895	#FFFFFF	506
2896	#FFFFFF	930
2897	#FFFFFF	930
2898	#FFFFFF	930
2899	#FFFFFF	930
2900	#FFFFFF	930
2901	#FFFFFF	930
2902	#FFFFFF	930
2903	#FFFFFF	1169
2904	#FFFFFF	930
2905	#FFFFFF	506
2906	#FFFFFF	506
2907	#FFFFFF	506
2908	#FFFFFF	506
2909	#FFFFFF	506
2910	#FFFFFF	506
2911	#FFFFFF	930
2912	#FFFFFF	930
2913	#FFFFFF	930
2914	#FFFFFF	1169
2915	#FFFFFF	930
2916	#FFFFFF	930
2917	#FFFFFF	930
2918	#FFFFFF	506
2919	#FFFFFF	506
2920	#FFFFFF	506
2921	#FFFFFF	506
2922	#FFFFFF	930
2923	#FFFFFF	930
2925	#FFFFFF	1169
2926	#FFFFFF	1169
2927	#FFFFFF	1169
2928	#FFFFFF	1169
2929	#FFFFFF	1169
2930	#FFFFFF	1169
2931	#FFFFFF	1169
2932	#FFFFFF	1169
2933	#FFFFFF	1169
2934	#FFFFFF	1169
2935	#FFFFFF	1169
2936	#FFFFFF	506
2937	#FFFFFF	506
2938	#FFFFFF	506
2939	#FFFFFF	506
2940	#FFFFFF	506
2941	#FFFFFF	506
2942	#FFFFFF	506
2943	#FFFFFF	1169
2944	#FFFFFF	506
2945	#FFFFFF	506
2946	#FFFFFF	930
2947	#FFFFFF	930
2948	#FFFFFF	930
2949	#FFFFFF	930
2950	#FFFFFF	930
2951	#FFFFFF	930
2952	#FFFFFF	930
2953	#FFFFFF	930
2954	#FFFFFF	1169
2955	#FFFFFF	506
2956	#FFFFFF	506
2957	#FFFFFF	506
2958	#FFFFFF	506
2959	#FFFFFF	506
2960	#FFFFFF	506
2961	#FFFFFF	506
2962	#FFFFFF	930
2963	#FFFFFF	930
2964	#FFFFFF	930
2965	#FFFFFF	1169
2966	#FFFFFF	930
2967	#FFFFFF	930
2968	#FFFFFF	930
2969	#FFFFFF	506
2970	#FFFFFF	506
2971	#FFFFFF	506
2972	#FFFFFF	506
2973	#FFFFFF	930
2974	#FFFFFF	930
2975	#FFFFFF	1169
2976	#FFFFFF	1169
2977	#FFFFFF	1169
2978	#FFFFFF	1169
2979	#FFFFFF	1169
2981	#FFFFFF	1169
2982	#FFFFFF	1169
2983	#FFFFFF	1169
2984	#FFFFFF	1169
2985	#FFFFFF	1169
2986	#FFFFFF	1169
2987	#FFFFFF	506
2988	#FFFFFF	506
2989	#FFFFFF	506
2990	#FFFFFF	506
2991	#FFFFFF	506
2992	#FFFFFF	506
2993	#FFFFFF	1169
2994	#FFFFFF	506
2995	#FFFFFF	506
2996	#FFFFFF	506
2997	#FFFFFF	930
2998	#FFFFFF	930
2999	#FFFFFF	930
3000	#FFFFFF	930
3001	#FFFFFF	930
3002	#FFFFFF	930
3003	#FFFFFF	506
3004	#FFFFFF	1169
3005	#FFFFFF	930
3006	#FFFFFF	506
3007	#FFFFFF	506
3008	#FFFFFF	506
3009	#FFFFFF	506
3010	#FFFFFF	506
3011	#FFFFFF	506
3012	#FFFFFF	506
3013	#FFFFFF	930
3014	#FFFFFF	506
3015	#FFFFFF	1169
3016	#FFFFFF	930
3017	#FFFFFF	930
3018	#FFFFFF	930
3019	#FFFFFF	506
3020	#FFFFFF	930
3021	#FFFFFF	930
3022	#FFFFFF	506
3023	#FFFFFF	930
3024	#FFFFFF	930
3026	#FFFFFF	1169
3027	#FFFFFF	1169
3028	#FFFFFF	1169
3029	#FFFFFF	1169
3030	#FFFFFF	1169
3031	#FFFFFF	1169
3032	#FFFFFF	1259
3033	#FFFFFF	1169
3034	#FFFFFF	1169
3035	#FFFFFF	1169
3036	#FFFFFF	506
3037	#FFFFFF	506
3038	#FFFFFF	506
3039	#FFFFFF	506
3040	#FFFFFF	506
3041	#FFFFFF	506
3042	#FFFFFF	506
3043	#FFFFFF	506
3044	#FFFFFF	1169
3045	#FFFFFF	506
3046	#FFFFFF	506
3047	#FFFFFF	506
3048	#FFFFFF	930
3049	#FFFFFF	930
3050	#FFFFFF	930
3051	#FFFFFF	930
3052	#FFFFFF	930
3053	#FFFFFF	930
3054	#FFFFFF	506
3055	#FFFFFF	1169
3056	#FFFFFF	930
3057	#FFFFFF	506
3058	#FFFFFF	506
3059	#FFFFFF	506
3060	#FFFFFF	506
3061	#FFFFFF	506
3062	#FFFFFF	506
3063	#FFFFFF	506
3064	#FFFFFF	506
3065	#FFFFFF	506
3066	#FFFFFF	1169
3067	#FFFFFF	506
3068	#FFFFFF	930
3069	#FFFFFF	506
3070	#FFFFFF	930
3071	#FFFFFF	930
3072	#FFFFFF	506
3073	#FFFFFF	930
3074	#FFFFFF	930
3075	#FFFFFF	930
3076	#FFFFFF	1169
3077	#FFFFFF	1169
3078	#FFFFFF	1169
3079	#FFFFFF	1169
3080	#FFFFFF	1169
3082	#FFFFFF	1259
3083	#FFFFFF	1259
3084	#FFFFFF	1169
3085	#FFFFFF	1169
3086	#FFFFFF	506
3087	#FFFFFF	506
3088	#FFFFFF	506
3089	#FFFFFF	506
3090	#FFFFFF	506
3091	#FFFFFF	506
3092	#FFFFFF	506
3093	#FFFFFF	506
3094	#FFFFFF	1169
3095	#FFFFFF	506
3096	#FFFFFF	506
3097	#FFFFFF	506
3098	#FFFFFF	930
3099	#FFFFFF	930
3100	#FFFFFF	930
3101	#FFFFFF	930
3102	#FFFFFF	930
3103	#FFFFFF	930
3104	#FFFFFF	506
3105	#FFFFFF	1169
3106	#FFFFFF	506
3107	#FFFFFF	506
3108	#FFFFFF	506
3109	#FFFFFF	506
3110	#FFFFFF	506
3111	#FFFFFF	506
3112	#FFFFFF	506
3113	#FFFFFF	506
3114	#FFFFFF	506
3115	#FFFFFF	930
3116	#FFFFFF	1169
3117	#FFFFFF	506
3118	#FFFFFF	930
3119	#FFFFFF	506
3120	#FFFFFF	506
3121	#FFFFFF	930
3122	#FFFFFF	506
3123	#FFFFFF	930
3124	#FFFFFF	930
3125	#FFFFFF	930
3127	#FFFFFF	1169
3128	#FFFFFF	1169
3129	#FFFFFF	1169
3130	#FFFFFF	1169
3131	#FFFFFF	1169
3132	#FFFFFF	1259
3133	#FFFFFF	1259
3134	#FFFFFF	1169
3135	#FFFFFF	1169
3136	#FFFFFF	506
3137	#FFFFFF	506
3138	#FFFFFF	506
3139	#FFFFFF	506
3140	#FFFFFF	506
3141	#FFFFFF	506
3142	#FFFFFF	506
3143	#FFFFFF	506
3144	#FFFFFF	930
3145	#FFFFFF	1169
3146	#FFFFFF	930
3147	#FFFFFF	930
3148	#FFFFFF	506
3149	#FFFFFF	930
3150	#FFFFFF	930
3151	#FFFFFF	930
3152	#FFFFFF	930
3153	#FFFFFF	930
3154	#FFFFFF	506
3155	#FFFFFF	506
3156	#FFFFFF	1169
3157	#FFFFFF	506
3158	#FFFFFF	506
3159	#FFFFFF	506
3160	#FFFFFF	506
3161	#FFFFFF	506
3162	#FFFFFF	506
3163	#FFFFFF	930
3164	#FFFFFF	930
3165	#FFFFFF	930
3166	#FFFFFF	930
3167	#FFFFFF	1169
3168	#FFFFFF	930
3169	#FFFFFF	506
3170	#FFFFFF	506
3171	#FFFFFF	930
3172	#FFFFFF	930
3173	#FFFFFF	506
3174	#FFFFFF	930
3175	#FFFFFF	930
3176	#FFFFFF	930
3177	#FFFFFF	1169
3178	#FFFFFF	1169
3179	#FFFFFF	1169
3180	#FFFFFF	1169
3181	#FFFFFF	1169
3183	#FFFFFF	1259
3184	#FFFFFF	1259
3185	#FFFFFF	1169
3186	#FFFFFF	506
3187	#FFFFFF	506
3188	#FFFFFF	506
3189	#FFFFFF	506
3190	#FFFFFF	506
3191	#FFFFFF	506
3192	#FFFFFF	506
3193	#FFFFFF	506
3194	#FFFFFF	506
3195	#FFFFFF	1259
3196	#FFFFFF	930
3197	#FFFFFF	930
3198	#FFFFFF	930
3199	#FFFFFF	930
3200	#FFFFFF	930
3201	#FFFFFF	930
3202	#FFFFFF	506
3203	#FFFFFF	930
3204	#FFFFFF	930
3205	#FFFFFF	506
3206	#FFFFFF	1169
3207	#FFFFFF	506
3208	#FFFFFF	506
3209	#FFFFFF	506
3210	#FFFFFF	506
3211	#FFFFFF	506
3212	#FFFFFF	506
3213	#FFFFFF	506
3214	#FFFFFF	930
3215	#FFFFFF	930
3216	#FFFFFF	930
3217	#FFFFFF	1169
3218	#FFFFFF	930
3219	#FFFFFF	930
3220	#FFFFFF	506
3221	#FFFFFF	506
3222	#FFFFFF	930
3223	#FFFFFF	506
3224	#FFFFFF	930
3225	#FFFFFF	930
3226	#FFFFFF	930
3228	#FFFFFF	1169
3229	#FFFFFF	1169
3230	#FFFFFF	1169
3231	#FFFFFF	1169
3232	#FFFFFF	1169
3233	#FFFFFF	1259
3234	#FFFFFF	1259
3235	#FFFFFF	1259
3236	#FFFFFF	1169
3237	#FFFFFF	506
3238	#FFFFFF	506
3239	#FFFFFF	506
3240	#FFFFFF	506
3241	#FFFFFF	506
3242	#FFFFFF	506
3243	#FFFFFF	506
3244	#FFFFFF	506
3245	#FFFFFF	930
3246	#FFFFFF	1169
3247	#FFFFFF	930
3248	#FFFFFF	930
3249	#FFFFFF	930
3250	#FFFFFF	506
3251	#FFFFFF	930
3252	#FFFFFF	506
3253	#FFFFFF	930
3254	#FFFFFF	930
3255	#FFFFFF	506
3256	#FFFFFF	506
3257	#FFFFFF	1169
3258	#FFFFFF	506
3259	#FFFFFF	506
3260	#FFFFFF	506
3261	#FFFFFF	506
3262	#FFFFFF	506
3263	#FFFFFF	506
3264	#FFFFFF	930
3265	#FFFFFF	930
3266	#FFFFFF	930
3267	#FFFFFF	930
3268	#FFFFFF	1169
3269	#FFFFFF	930
3270	#FFFFFF	930
3271	#FFFFFF	506
3272	#FFFFFF	506
3273	#FFFFFF	930
3274	#FFFFFF	930
3275	#FFFFFF	930
3276	#FFFFFF	930
3277	#FFFFFF	930
3278	#FFFFFF	1169
3279	#FFFFFF	1259
3280	#FFFFFF	1169
3281	#FFFFFF	1169
3282	#FFFFFF	1169
3284	#FFFFFF	1259
3285	#FFFFFF	1259
3286	#FFFFFF	1169
3287	#FFFFFF	506
3288	#FFFFFF	506
3289	#FFFFFF	506
3290	#FFFFFF	506
3291	#FFFFFF	506
3292	#FFFFFF	506
3293	#FFFFFF	506
3294	#FFFFFF	506
3295	#FFFFFF	506
3296	#FFFFFF	1169
3297	#FFFFFF	930
3298	#FFFFFF	930
3299	#FFFFFF	930
3300	#FFFFFF	930
3301	#FFFFFF	506
3302	#FFFFFF	506
3303	#FFFFFF	506
3304	#FFFFFF	506
3305	#FFFFFF	930
3306	#FFFFFF	506
3307	#FFFFFF	1169
3308	#FFFFFF	506
3309	#FFFFFF	506
3310	#FFFFFF	506
3311	#FFFFFF	506
3312	#FFFFFF	506
3313	#FFFFFF	506
3314	#FFFFFF	506
3315	#FFFFFF	930
3316	#FFFFFF	930
3317	#FFFFFF	506
3318	#FFFFFF	1169
3319	#FFFFFF	506
3320	#FFFFFF	930
3321	#FFFFFF	930
3322	#FFFFFF	930
3323	#FFFFFF	506
3324	#FFFFFF	930
3325	#FFFFFF	930
3326	#FFFFFF	930
3327	#FFFFFF	930
3329	#FFFFFF	1169
3330	#FFFFFF	1259
3331	#FFFFFF	1169
3332	#FFFFFF	1169
3333	#FFFFFF	1169
3334	#FFFFFF	1259
3335	#FFFFFF	1259
3336	#FFFFFF	1259
3337	#FFFFFF	1169
3338	#FFFFFF	506
3339	#FFFFFF	506
3340	#FFFFFF	506
3341	#FFFFFF	506
3342	#FFFFFF	506
3343	#FFFFFF	506
3344	#FFFFFF	506
3345	#FFFFFF	506
3346	#FFFFFF	930
3347	#FFFFFF	1259
3348	#FFFFFF	930
3349	#FFFFFF	930
3350	#FFFFFF	930
3351	#FFFFFF	506
3352	#FFFFFF	506
3353	#FFFFFF	506
3354	#FFFFFF	506
3355	#FFFFFF	930
3356	#FFFFFF	930
3357	#FFFFFF	506
3358	#FFFFFF	1169
3359	#FFFFFF	506
3360	#FFFFFF	506
3361	#FFFFFF	1311
3362	#FFFFFF	506
3363	#FFFFFF	506
3364	#FFFFFF	506
3365	#FFFFFF	506
3366	#FFFFFF	930
3367	#FFFFFF	930
3368	#FFFFFF	506
3369	#FFFFFF	1169
3370	#FFFFFF	506
3371	#FFFFFF	930
3372	#FFFFFF	930
3373	#FFFFFF	506
3374	#FFFFFF	506
3375	#FFFFFF	506
3376	#FFFFFF	930
3377	#FFFFFF	930
3378	#FFFFFF	930
3379	#FFFFFF	1259
3380	#FFFFFF	1169
3381	#FFFFFF	1169
3382	#FFFFFF	1169
3383	#FFFFFF	1169
3385	#FFFFFF	217
3386	#FFFFFF	217
3387	#FFFFFF	217
3388	#FFFFFF	217
3389	#FFFFFF	217
3390	#FFFFFF	930
3391	#FFFFFF	930
3392	#FFFFFF	930
3393	#FFFFFF	217
3394	#FFFFFF	217
3395	#FFFFFF	1461
3396	#FFFFFF	217
3397	#FFFFFF	217
3398	#FFFFFF	217
3399	#FFFFFF	217
3400	#FFFFFF	1461
3401	#FFFFFF	217
3402	#FFFFFF	1461
3403	#FFFFFF	217
3404	#FFFFFF	217
3405	#FFFFFF	217
3406	#FFFFFF	217
3407	#FFFFFF	930
3408	#FFFFFF	217
3409	#FFFFFF	930
3410	#FFFFFF	930
3411	#FFFFFF	217
3412	#FFFFFF	930
3413	#FFFFFF	930
3414	#FFFFFF	930
3415	#FFFFFF	930
3416	#FFFFFF	930
3417	#FFFFFF	930
3418	#FFFFFF	930
3419	#FFFFFF	217
3420	#FFFFFF	930
3421	#FFFFFF	930
3422	#FFFFFF	930
3423	#FFFFFF	930
3424	#FFFFFF	930
3425	#FFFFFF	930
3426	#FFFFFF	930
3427	#FFFFFF	930
3428	#FFFFFF	930
3430	#FFFFFF	217
3431	#FFFFFF	217
3432	#FFFFFF	217
3433	#FFFFFF	217
3434	#FFFFFF	217
3435	#FFFFFF	217
3436	#FFFFFF	217
3437	#FFFFFF	217
3438	#FFFFFF	217
3439	#FFFFFF	217
3440	#FFFFFF	930
3441	#FFFFFF	217
3442	#FFFFFF	217
3443	#FFFFFF	217
3444	#FFFFFF	217
3445	#FFFFFF	217
3446	#FFFFFF	217
3447	#FFFFFF	217
3448	#FFFFFF	217
3449	#FFFFFF	217
3450	#FFFFFF	217
3451	#FFFFFF	217
3452	#FFFFFF	217
3453	#FFFFFF	217
3454	#FFFFFF	217
3455	#FFFFFF	217
3456	#FFFFFF	217
3457	#FFFFFF	930
3458	#FFFFFF	930
3459	#FFFFFF	217
3460	#FFFFFF	930
3461	#FFFFFF	930
3462	#FFFFFF	930
3463	#FFFFFF	930
3464	#FFFFFF	930
3465	#FFFFFF	930
3466	#FFFFFF	930
3467	#FFFFFF	930
3468	#FFFFFF	930
3469	#FFFFFF	930
3470	#FFFFFF	217
3471	#FFFFFF	930
3472	#FFFFFF	930
3473	#FFFFFF	930
3474	#FFFFFF	930
3475	#FFFFFF	930
3476	#FFFFFF	930
3477	#FFFFFF	930
3478	#FFFFFF	930
3479	#FFFFFF	930
3480	#FFFFFF	217
3481	#FFFFFF	217
3482	#FFFFFF	217
3483	#FFFFFF	217
3484	#FFFFFF	217
3486	#FFFFFF	1259
3487	#FFFFFF	1259
3488	#FFFFFF	1169
3489	#FFFFFF	506
3490	#FFFFFF	506
3491	#FFFFFF	506
3492	#FFFFFF	506
3493	#FFFFFF	506
3494	#FFFFFF	506
3495	#FFFFFF	506
3496	#FFFFFF	506
3497	#FFFFFF	930
3498	#FFFFFF	1259
3499	#FFFFFF	930
3500	#FFFFFF	930
3501	#FFFFFF	930
3502	#FFFFFF	930
3503	#FFFFFF	506
3504	#FFFFFF	506
3505	#FFFFFF	506
3506	#FFFFFF	506
3507	#FFFFFF	506
3508	#FFFFFF	506
3509	#FFFFFF	1169
3510	#FFFFFF	1311
3511	#FFFFFF	1311
3512	#FFFFFF	1311
3513	#FFFFFF	1311
3514	#FFFFFF	506
3515	#FFFFFF	506
3516	#FFFFFF	506
3517	#FFFFFF	930
3518	#FFFFFF	506
3519	#FFFFFF	506
3520	#FFFFFF	1169
3521	#FFFFFF	506
3522	#FFFFFF	506
3523	#FFFFFF	506
3524	#FFFFFF	506
3525	#FFFFFF	506
3526	#FFFFFF	506
3527	#FFFFFF	506
3528	#FFFFFF	930
3529	#FFFFFF	506
3531	#FFFFFF	1259
3532	#FFFFFF	1259
3533	#FFFFFF	1259
3534	#FFFFFF	1169
3535	#FFFFFF	1169
3536	#FFFFFF	1259
3537	#FFFFFF	1259
3538	#FFFFFF	1259
3539	#FFFFFF	1169
3540	#FFFFFF	1169
3541	#FFFFFF	1169
3542	#FFFFFF	506
3543	#FFFFFF	506
3544	#FFFFFF	506
3545	#FFFFFF	506
3546	#FFFFFF	506
3547	#FFFFFF	506
3548	#FFFFFF	930
3549	#FFFFFF	1259
3550	#FFFFFF	930
3551	#FFFFFF	930
3552	#FFFFFF	930
3553	#FFFFFF	506
3554	#FFFFFF	506
3555	#FFFFFF	506
3556	#FFFFFF	506
3557	#FFFFFF	506
3558	#FFFFFF	506
3559	#FFFFFF	1311
3560	#FFFFFF	1169
3561	#FFFFFF	1311
3562	#FFFFFF	1311
3563	#FFFFFF	1311
3564	#FFFFFF	1311
3565	#FFFFFF	506
3566	#FFFFFF	506
3567	#FFFFFF	506
3568	#FFFFFF	506
3569	#FFFFFF	506
3570	#FFFFFF	506
3571	#FFFFFF	1169
3572	#FFFFFF	506
3573	#FFFFFF	506
3574	#FFFFFF	506
3575	#FFFFFF	506
3576	#FFFFFF	506
3577	#FFFFFF	930
3578	#FFFFFF	930
3579	#FFFFFF	506
3580	#FFFFFF	930
3581	#FFFFFF	1259
3582	#FFFFFF	1259
3583	#FFFFFF	1169
3584	#FFFFFF	1169
3585	#FFFFFF	1169
3587	#FFFFFF	1259
3588	#FFFFFF	1259
3589	#FFFFFF	1169
3590	#FFFFFF	1169
3591	#FFFFFF	1169
3592	#FFFFFF	1169
3593	#FFFFFF	506
3594	#FFFFFF	506
3595	#FFFFFF	506
3596	#FFFFFF	506
3597	#FFFFFF	506
3598	#FFFFFF	930
3599	#FFFFFF	1259
3600	#FFFFFF	930
3601	#FFFFFF	506
3602	#FFFFFF	930
3603	#FFFFFF	930
3604	#FFFFFF	930
3605	#FFFFFF	506
3606	#FFFFFF	506
3607	#FFFFFF	506
3608	#FFFFFF	506
3609	#FFFFFF	506
3610	#FFFFFF	1259
3611	#FFFFFF	1311
3612	#FFFFFF	1311
3613	#FFFFFF	1311
3614	#FFFFFF	1311
3615	#FFFFFF	506
3616	#FFFFFF	1311
3617	#FFFFFF	506
3618	#FFFFFF	506
3619	#FFFFFF	506
3620	#FFFFFF	506
3621	#FFFFFF	1169
3622	#FFFFFF	506
3623	#FFFFFF	506
3624	#FFFFFF	506
3625	#FFFFFF	506
3626	#FFFFFF	506
3627	#FFFFFF	506
3628	#FFFFFF	930
3629	#FFFFFF	506
3630	#FFFFFF	930
3632	#FFFFFF	1169
3633	#FFFFFF	1259
3634	#FFFFFF	1259
3635	#FFFFFF	1169
3636	#FFFFFF	1169
3637	#FFFFFF	1259
3638	#FFFFFF	1259
3639	#FFFFFF	1259
3640	#FFFFFF	1169
3641	#FFFFFF	1169
3642	#FFFFFF	1169
3643	#FFFFFF	1169
3644	#FFFFFF	506
3645	#FFFFFF	506
3646	#FFFFFF	506
3647	#FFFFFF	506
3648	#FFFFFF	506
3649	#FFFFFF	506
3650	#FFFFFF	1259
3651	#FFFFFF	506
3652	#FFFFFF	506
3653	#FFFFFF	930
3654	#FFFFFF	930
3655	#FFFFFF	506
3656	#FFFFFF	506
3657	#FFFFFF	506
3658	#FFFFFF	506
3659	#FFFFFF	506
3660	#FFFFFF	506
3661	#FFFFFF	1259
3662	#FFFFFF	1311
3663	#FFFFFF	1311
3664	#FFFFFF	1311
3665	#FFFFFF	506
3666	#FFFFFF	1311
3667	#FFFFFF	506
3668	#FFFFFF	506
3669	#FFFFFF	506
3670	#FFFFFF	506
3671	#FFFFFF	506
3672	#FFFFFF	1169
3673	#FFFFFF	506
3674	#FFFFFF	506
3675	#FFFFFF	506
3676	#FFFFFF	506
3677	#FFFFFF	506
3678	#FFFFFF	506
3679	#FFFFFF	930
3680	#FFFFFF	506
3681	#FFFFFF	930
3682	#FFFFFF	1169
3683	#FFFFFF	1259
3684	#FFFFFF	1169
3685	#FFFFFF	1169
3686	#FFFFFF	1169
3688	#FFFFFF	1259
3689	#FFFFFF	1259
3690	#FFFFFF	1169
3691	#FFFFFF	1169
3692	#FFFFFF	1169
3693	#FFFFFF	1169
3694	#FFFFFF	1169
3695	#FFFFFF	506
3696	#FFFFFF	506
3697	#FFFFFF	506
3698	#FFFFFF	506
3699	#FFFFFF	506
3700	#FFFFFF	1259
3701	#FFFFFF	506
3702	#FFFFFF	506
3703	#FFFFFF	930
3704	#FFFFFF	506
3705	#FFFFFF	930
3706	#FFFFFF	506
3707	#FFFFFF	506
3708	#FFFFFF	506
3709	#FFFFFF	506
3710	#FFFFFF	506
3711	#FFFFFF	1259
3712	#FFFFFF	506
3713	#FFFFFF	1311
3714	#FFFFFF	1311
3715	#FFFFFF	506
3716	#FFFFFF	1311
3717	#FFFFFF	506
3718	#FFFFFF	506
3719	#FFFFFF	506
3720	#FFFFFF	506
3721	#FFFFFF	506
3722	#FFFFFF	1169
3723	#FFFFFF	506
3724	#FFFFFF	506
3725	#FFFFFF	506
3726	#FFFFFF	506
3727	#FFFFFF	506
3728	#FFFFFF	506
3729	#FFFFFF	930
3730	#FFFFFF	930
3731	#FFFFFF	506
3733	#FFFFFF	1169
3734	#FFFFFF	1259
3735	#FFFFFF	1169
3736	#FFFFFF	1169
3737	#FFFFFF	1169
3738	#FFFFFF	1259
3739	#FFFFFF	1259
3740	#FFFFFF	1259
3741	#FFFFFF	1169
3742	#FFFFFF	1169
3743	#FFFFFF	1169
3744	#FFFFFF	1169
3745	#FFFFFF	506
3746	#FFFFFF	506
3747	#FFFFFF	506
3748	#FFFFFF	506
3749	#FFFFFF	506
3750	#FFFFFF	506
3751	#FFFFFF	1259
3752	#FFFFFF	506
3753	#FFFFFF	930
3754	#FFFFFF	506
3755	#FFFFFF	930
3756	#FFFFFF	506
3757	#FFFFFF	506
3758	#FFFFFF	506
3759	#FFFFFF	506
3760	#FFFFFF	506
3761	#FFFFFF	506
3762	#FFFFFF	1259
3763	#FFFFFF	506
3764	#FFFFFF	1311
3765	#FFFFFF	506
3766	#FFFFFF	1311
3767	#FFFFFF	506
3768	#FFFFFF	1311
3769	#FFFFFF	506
3770	#FFFFFF	506
3771	#FFFFFF	506
3772	#FFFFFF	506
3773	#FFFFFF	1259
3774	#FFFFFF	506
3775	#FFFFFF	506
3776	#FFFFFF	506
3777	#FFFFFF	506
3778	#FFFFFF	506
3779	#FFFFFF	506
3780	#FFFFFF	930
3781	#FFFFFF	506
3782	#FFFFFF	506
3783	#FFFFFF	1259
3784	#FFFFFF	1259
3785	#FFFFFF	1169
3786	#FFFFFF	1169
3787	#FFFFFF	1169
3789	#FFFFFF	1259
3790	#FFFFFF	1259
3791	#FFFFFF	1169
3792	#FFFFFF	1169
3793	#FFFFFF	1169
3794	#FFFFFF	1169
3795	#FFFFFF	1169
3796	#FFFFFF	506
3797	#FFFFFF	506
3798	#FFFFFF	1169
3799	#FFFFFF	1169
3800	#FFFFFF	506
3801	#FFFFFF	1259
3802	#FFFFFF	506
3803	#FFFFFF	506
3804	#FFFFFF	506
3805	#FFFFFF	506
3806	#FFFFFF	506
3807	#FFFFFF	506
3808	#FFFFFF	506
3809	#FFFFFF	506
3810	#FFFFFF	506
3811	#FFFFFF	506
3812	#FFFFFF	1259
3813	#FFFFFF	506
3814	#FFFFFF	506
3815	#FFFFFF	1311
3816	#FFFFFF	1311
3817	#FFFFFF	1311
3818	#FFFFFF	506
3819	#FFFFFF	1311
3820	#FFFFFF	506
3821	#FFFFFF	506
3822	#FFFFFF	506
3823	#FFFFFF	1259
3824	#FFFFFF	506
3825	#FFFFFF	506
3826	#FFFFFF	506
3827	#FFFFFF	506
3828	#FFFFFF	506
3829	#FFFFFF	506
3830	#FFFFFF	506
3831	#FFFFFF	506
3832	#FFFFFF	506
3834	#FFFFFF	1259
3835	#FFFFFF	1259
3836	#FFFFFF	1259
3837	#FFFFFF	1169
3838	#FFFFFF	1169
3839	#FFFFFF	1259
3840	#FFFFFF	1259
3841	#FFFFFF	1259
3842	#FFFFFF	1169
3843	#FFFFFF	1169
3844	#FFFFFF	1169
3845	#FFFFFF	1169
3846	#FFFFFF	1169
3847	#FFFFFF	1169
3848	#FFFFFF	1169
3849	#FFFFFF	1169
3850	#FFFFFF	506
3851	#FFFFFF	506
3852	#FFFFFF	1259
3853	#FFFFFF	506
3854	#FFFFFF	506
3855	#FFFFFF	506
3856	#FFFFFF	506
3857	#FFFFFF	506
3858	#FFFFFF	506
3859	#FFFFFF	506
3860	#FFFFFF	506
3861	#FFFFFF	506
3862	#FFFFFF	506
3863	#FFFFFF	1259
3864	#FFFFFF	506
3865	#FFFFFF	506
3866	#FFFFFF	1311
3867	#FFFFFF	1311
3868	#FFFFFF	1311
3869	#FFFFFF	1311
3870	#FFFFFF	1311
3871	#FFFFFF	506
3872	#FFFFFF	506
3873	#FFFFFF	506
3874	#FFFFFF	1259
3875	#FFFFFF	506
3876	#FFFFFF	506
3877	#FFFFFF	506
3878	#FFFFFF	506
3879	#FFFFFF	506
3880	#FFFFFF	506
3881	#FFFFFF	506
3882	#FFFFFF	506
3883	#FFFFFF	506
3884	#FFFFFF	1259
3885	#FFFFFF	1259
3886	#FFFFFF	1169
3887	#FFFFFF	1169
3888	#FFFFFF	1169
3890	#FFFFFF	1259
3891	#FFFFFF	1259
3892	#FFFFFF	1169
3893	#FFFFFF	1169
3894	#FFFFFF	1169
3895	#FFFFFF	1169
3896	#FFFFFF	1169
3897	#FFFFFF	1169
3898	#FFFFFF	1169
3899	#FFFFFF	1169
3900	#FFFFFF	1169
3901	#FFFFFF	506
3902	#FFFFFF	1259
3903	#FFFFFF	506
3904	#FFFFFF	506
3905	#FFFFFF	506
3906	#FFFFFF	506
3907	#FFFFFF	506
3908	#FFFFFF	506
3909	#FFFFFF	506
3910	#FFFFFF	506
3911	#FFFFFF	506
3912	#FFFFFF	506
3913	#FFFFFF	1259
3914	#FFFFFF	506
3915	#FFFFFF	506
3916	#FFFFFF	1311
3917	#FFFFFF	1311
3918	#FFFFFF	1311
3919	#FFFFFF	1311
3920	#FFFFFF	1311
3921	#FFFFFF	506
3922	#FFFFFF	506
3923	#FFFFFF	506
3924	#FFFFFF	1259
3925	#FFFFFF	506
3926	#FFFFFF	506
3927	#FFFFFF	506
3928	#FFFFFF	506
3929	#FFFFFF	506
3930	#FFFFFF	506
3931	#FFFFFF	506
3932	#FFFFFF	506
3933	#FFFFFF	1839
3935	#FFFFFF	1259
3936	#FFFFFF	1259
3937	#FFFFFF	1259
3938	#FFFFFF	1169
3939	#FFFFFF	1169
3940	#FFFFFF	1259
3941	#FFFFFF	1259
3942	#FFFFFF	1259
3943	#FFFFFF	1169
3944	#FFFFFF	1169
3945	#FFFFFF	1169
3946	#FFFFFF	1169
3947	#FFFFFF	1169
3948	#FFFFFF	1169
3949	#FFFFFF	1169
3950	#FFFFFF	1169
3951	#FFFFFF	1169
3952	#FFFFFF	506
3953	#FFFFFF	1259
3954	#FFFFFF	506
3955	#FFFFFF	506
3956	#FFFFFF	506
3957	#FFFFFF	506
3958	#FFFFFF	506
3959	#FFFFFF	506
3960	#FFFFFF	506
3961	#FFFFFF	506
3962	#FFFFFF	506
3963	#FFFFFF	506
3964	#FFFFFF	1259
3965	#FFFFFF	506
3966	#FFFFFF	506
3967	#FFFFFF	1311
3968	#FFFFFF	1311
3969	#FFFFFF	1311
3970	#FFFFFF	1311
3971	#FFFFFF	1311
3972	#FFFFFF	506
3973	#FFFFFF	1311
3974	#FFFFFF	506
3975	#FFFFFF	1259
3976	#FFFFFF	506
3977	#FFFFFF	506
3978	#FFFFFF	506
3979	#FFFFFF	506
3980	#FFFFFF	506
3981	#FFFFFF	506
3982	#FFFFFF	506
3983	#FFFFFF	506
3984	#FFFFFF	1839
3985	#FFFFFF	1259
3986	#FFFFFF	1259
3987	#FFFFFF	1169
3988	#FFFFFF	1169
3989	#FFFFFF	1169
3991	#FFFFFF	1259
3992	#FFFFFF	1259
3993	#FFFFFF	1169
3994	#FFFFFF	1169
3995	#FFFFFF	1169
3996	#FFFFFF	1169
3997	#FFFFFF	1169
3998	#FFFFFF	1169
3999	#FFFFFF	1169
4000	#FFFFFF	1169
4001	#FFFFFF	1169
4002	#FFFFFF	1169
4003	#FFFFFF	1259
4004	#FFFFFF	506
4005	#FFFFFF	506
4006	#FFFFFF	506
4007	#FFFFFF	506
4008	#FFFFFF	506
4009	#FFFFFF	506
4010	#FFFFFF	506
4011	#FFFFFF	506
4012	#FFFFFF	506
4013	#FFFFFF	506
4014	#FFFFFF	1259
4015	#FFFFFF	506
4016	#FFFFFF	506
4017	#FFFFFF	506
4018	#FFFFFF	1311
4019	#FFFFFF	1311
4020	#FFFFFF	1311
4021	#FFFFFF	1311
4022	#FFFFFF	1311
4023	#FFFFFF	1311
4024	#FFFFFF	506
4025	#FFFFFF	1259
4026	#FFFFFF	506
4027	#FFFFFF	506
4028	#FFFFFF	506
4029	#FFFFFF	506
4030	#FFFFFF	506
4031	#FFFFFF	506
4032	#FFFFFF	506
4033	#FFFFFF	506
4034	#FFFFFF	1839
4036	#FFFFFF	1259
4037	#FFFFFF	1259
4038	#FFFFFF	1259
4039	#FFFFFF	1169
4040	#FFFFFF	1169
4042	#FFFFFF	217
4043	#FFFFFF	217
4044	#FFFFFF	217
4045	#FFFFFF	217
4046	#FFFFFF	930
4047	#FFFFFF	930
4048	#FFFFFF	217
4049	#FFFFFF	217
4050	#FFFFFF	217
4051	#FFFFFF	217
4052	#FFFFFF	217
4053	#FFFFFF	217
4054	#FFFFFF	217
4055	#FFFFFF	217
4056	#FFFFFF	217
4057	#FFFFFF	217
4058	#FFFFFF	930
4059	#FFFFFF	217
4060	#FFFFFF	930
4061	#FFFFFF	217
4062	#FFFFFF	217
4063	#FFFFFF	217
4064	#FFFFFF	930
4065	#FFFFFF	217
4066	#FFFFFF	930
4067	#FFFFFF	217
4068	#FFFFFF	930
4069	#FFFFFF	930
4070	#FFFFFF	930
4071	#FFFFFF	930
4072	#FFFFFF	930
4073	#FFFFFF	930
4074	#FFFFFF	930
4075	#FFFFFF	930
4076	#FFFFFF	217
4077	#FFFFFF	930
4078	#FFFFFF	930
4079	#FFFFFF	930
4080	#FFFFFF	930
4081	#FFFFFF	930
4082	#FFFFFF	930
4083	#FFFFFF	930
4084	#FFFFFF	930
4085	#FFFFFF	930
4087	#FFFFFF	217
4088	#FFFFFF	217
4089	#FFFFFF	217
4090	#FFFFFF	217
4091	#FFFFFF	217
4092	#FFFFFF	217
4093	#FFFFFF	217
4094	#FFFFFF	217
4095	#FFFFFF	217
4096	#FFFFFF	930
4097	#FFFFFF	930
4098	#FFFFFF	930
4099	#FFFFFF	217
4100	#FFFFFF	217
4101	#FFFFFF	217
4102	#FFFFFF	217
4103	#FFFFFF	217
4104	#FFFFFF	217
4105	#FFFFFF	930
4106	#FFFFFF	217
4107	#FFFFFF	217
4108	#FFFFFF	217
4109	#FFFFFF	930
4110	#FFFFFF	930
4111	#FFFFFF	930
4112	#FFFFFF	217
4113	#FFFFFF	217
4114	#FFFFFF	217
4115	#FFFFFF	217
4116	#FFFFFF	217
4117	#FFFFFF	217
4118	#FFFFFF	217
4119	#FFFFFF	930
4120	#FFFFFF	930
4121	#FFFFFF	930
4122	#FFFFFF	930
4123	#FFFFFF	930
4124	#FFFFFF	930
4125	#FFFFFF	930
4126	#FFFFFF	930
4127	#FFFFFF	217
4128	#FFFFFF	930
4129	#FFFFFF	930
4130	#FFFFFF	930
4131	#FFFFFF	930
4132	#FFFFFF	930
4133	#FFFFFF	930
4134	#FFFFFF	930
4135	#FFFFFF	930
4136	#FFFFFF	930
4137	#FFFFFF	217
4138	#FFFFFF	217
4139	#FFFFFF	217
4140	#FFFFFF	217
4141	#FFFFFF	217
4143	#FFFFFF	217
4144	#FFFFFF	217
4145	#FFFFFF	217
4146	#FFFFFF	217
4147	#FFFFFF	217
4148	#FFFFFF	217
4149	#FFFFFF	217
4150	#FFFFFF	217
4151	#FFFFFF	217
4152	#FFFFFF	217
4153	#FFFFFF	217
4154	#FFFFFF	930
4155	#FFFFFF	217
4156	#FFFFFF	217
4157	#FFFFFF	930
4158	#FFFFFF	930
4159	#FFFFFF	930
4160	#FFFFFF	930
4161	#FFFFFF	930
4162	#FFFFFF	930
4163	#FFFFFF	930
4164	#FFFFFF	930
4165	#FFFFFF	217
4166	#FFFFFF	930
4167	#FFFFFF	217
4168	#FFFFFF	217
4169	#FFFFFF	930
4170	#FFFFFF	930
4171	#FFFFFF	930
4172	#FFFFFF	930
4173	#FFFFFF	930
4174	#FFFFFF	930
4175	#FFFFFF	930
4176	#FFFFFF	930
4177	#FFFFFF	930
4178	#FFFFFF	930
4179	#FFFFFF	930
4180	#FFFFFF	930
4181	#FFFFFF	930
4182	#FFFFFF	930
4183	#FFFFFF	930
4184	#FFFFFF	930
4185	#FFFFFF	930
4186	#FFFFFF	930
4188	#FFFFFF	217
4189	#FFFFFF	217
4190	#FFFFFF	217
4191	#FFFFFF	217
4192	#FFFFFF	217
4193	#FFFFFF	217
4194	#FFFFFF	217
4195	#FFFFFF	217
4196	#FFFFFF	217
4197	#FFFFFF	217
4198	#FFFFFF	217
4199	#FFFFFF	217
4200	#FFFFFF	217
4201	#FFFFFF	217
4202	#FFFFFF	217
4203	#FFFFFF	217
4204	#FFFFFF	217
4205	#FFFFFF	930
4206	#FFFFFF	930
4207	#FFFFFF	930
4208	#FFFFFF	930
4209	#FFFFFF	930
4210	#FFFFFF	930
4211	#FFFFFF	930
4212	#FFFFFF	930
4213	#FFFFFF	930
4214	#FFFFFF	930
4215	#FFFFFF	930
4216	#FFFFFF	217
4217	#FFFFFF	930
4218	#FFFFFF	930
4219	#FFFFFF	217
4220	#FFFFFF	930
4221	#FFFFFF	930
4222	#FFFFFF	930
4223	#FFFFFF	930
4224	#FFFFFF	930
4225	#FFFFFF	930
4226	#FFFFFF	930
4227	#FFFFFF	930
4228	#FFFFFF	217
4229	#FFFFFF	930
4230	#FFFFFF	930
4231	#FFFFFF	930
4232	#FFFFFF	930
4233	#FFFFFF	930
4234	#FFFFFF	930
4235	#FFFFFF	930
4236	#FFFFFF	930
4237	#FFFFFF	930
4238	#FFFFFF	217
4239	#FFFFFF	217
4240	#FFFFFF	217
4241	#FFFFFF	217
4242	#FFFFFF	217
4244	#FFFFFF	217
4245	#FFFFFF	217
4246	#FFFFFF	217
4247	#FFFFFF	217
4248	#FFFFFF	217
4249	#FFFFFF	217
4250	#FFFFFF	217
4251	#FFFFFF	217
4252	#FFFFFF	217
4253	#FFFFFF	217
4254	#FFFFFF	217
4255	#FFFFFF	217
4256	#FFFFFF	930
4257	#FFFFFF	930
4258	#FFFFFF	930
4259	#FFFFFF	930
4260	#FFFFFF	930
4261	#FFFFFF	930
4262	#FFFFFF	930
4263	#FFFFFF	930
4264	#FFFFFF	930
4265	#FFFFFF	930
4266	#FFFFFF	217
4267	#FFFFFF	930
4268	#FFFFFF	930
4269	#FFFFFF	930
4270	#FFFFFF	930
4271	#FFFFFF	930
4272	#FFFFFF	930
4273	#FFFFFF	930
4274	#FFFFFF	930
4275	#FFFFFF	930
4276	#FFFFFF	930
4277	#FFFFFF	930
4278	#FFFFFF	930
4279	#FFFFFF	930
4280	#FFFFFF	930
4281	#FFFFFF	930
4282	#FFFFFF	930
4283	#FFFFFF	930
4284	#FFFFFF	930
4285	#FFFFFF	930
4286	#FFFFFF	930
4287	#FFFFFF	930
4289	#FFFFFF	217
4290	#FFFFFF	217
4291	#FFFFFF	217
4292	#FFFFFF	217
4293	#FFFFFF	217
4294	#FFFFFF	930
4295	#FFFFFF	217
4296	#FFFFFF	217
4297	#FFFFFF	217
4298	#FFFFFF	217
4299	#FFFFFF	217
4300	#FFFFFF	217
4301	#FFFFFF	217
4302	#FFFFFF	217
4303	#FFFFFF	930
4304	#FFFFFF	217
4305	#FFFFFF	217
4306	#FFFFFF	930
4307	#FFFFFF	930
4308	#FFFFFF	930
4309	#FFFFFF	930
4310	#FFFFFF	930
4311	#FFFFFF	930
4312	#FFFFFF	930
4313	#FFFFFF	930
4314	#FFFFFF	930
4315	#FFFFFF	930
4316	#FFFFFF	930
4317	#FFFFFF	217
4318	#FFFFFF	930
4319	#FFFFFF	930
4320	#FFFFFF	930
4321	#FFFFFF	930
4322	#FFFFFF	930
4323	#FFFFFF	930
4324	#FFFFFF	930
4325	#FFFFFF	930
4326	#FFFFFF	930
4327	#FFFFFF	930
4328	#FFFFFF	930
4329	#FFFFFF	930
4330	#FFFFFF	930
4331	#FFFFFF	930
4332	#FFFFFF	930
4333	#FFFFFF	930
4334	#FFFFFF	930
4335	#FFFFFF	930
4336	#FFFFFF	930
4337	#FFFFFF	930
4338	#FFFFFF	930
4339	#FFFFFF	217
4340	#FFFFFF	930
4341	#FFFFFF	217
4342	#FFFFFF	217
4343	#FFFFFF	217
4345	#FFFFFF	930
4346	#FFFFFF	930
4347	#FFFFFF	217
4348	#FFFFFF	217
4349	#FFFFFF	217
4350	#FFFFFF	217
4351	#FFFFFF	217
4352	#FFFFFF	217
4353	#FFFFFF	217
4354	#FFFFFF	930
4355	#FFFFFF	217
4356	#FFFFFF	217
4357	#FFFFFF	930
4358	#FFFFFF	930
4359	#FFFFFF	930
4360	#FFFFFF	930
4361	#FFFFFF	930
4362	#FFFFFF	930
4363	#FFFFFF	930
4364	#FFFFFF	930
4365	#FFFFFF	930
4366	#FFFFFF	930
4367	#FFFFFF	217
4368	#FFFFFF	930
4369	#FFFFFF	930
4370	#FFFFFF	930
4371	#FFFFFF	930
4372	#FFFFFF	930
4373	#FFFFFF	930
4374	#FFFFFF	930
4375	#FFFFFF	930
4376	#FFFFFF	930
4377	#FFFFFF	930
4378	#FFFFFF	930
4379	#FFFFFF	217
4380	#FFFFFF	930
4381	#FFFFFF	930
4382	#FFFFFF	930
4383	#FFFFFF	930
4384	#FFFFFF	930
4385	#FFFFFF	930
4386	#FFFFFF	930
4387	#FFFFFF	930
4388	#FFFFFF	930
4390	#FFFFFF	930
4391	#FFFFFF	930
4392	#FFFFFF	930
4393	#FFFFFF	217
4394	#FFFFFF	217
4395	#FFFFFF	506
4396	#FFFFFF	930
4397	#FFFFFF	930
4398	#FFFFFF	217
4399	#FFFFFF	217
4400	#FFFFFF	217
4401	#FFFFFF	217
4402	#FFFFFF	217
4403	#FFFFFF	217
4404	#FFFFFF	930
4405	#FFFFFF	930
4406	#FFFFFF	217
4407	#FFFFFF	930
4408	#FFFFFF	930
4409	#FFFFFF	930
4410	#FFFFFF	930
4411	#FFFFFF	930
4412	#FFFFFF	930
4413	#FFFFFF	930
4414	#FFFFFF	930
4415	#FFFFFF	930
4416	#FFFFFF	930
4417	#FFFFFF	930
4418	#FFFFFF	930
4419	#FFFFFF	217
4420	#FFFFFF	930
4421	#FFFFFF	930
4422	#FFFFFF	930
4423	#FFFFFF	930
4424	#FFFFFF	930
4425	#FFFFFF	930
4426	#FFFFFF	930
4427	#FFFFFF	930
4428	#FFFFFF	930
4429	#FFFFFF	930
4430	#FFFFFF	217
4431	#FFFFFF	930
4432	#FFFFFF	930
4433	#FFFFFF	930
4434	#FFFFFF	930
4435	#FFFFFF	930
4436	#FFFFFF	930
4437	#FFFFFF	930
4438	#FFFFFF	930
4439	#FFFFFF	930
4440	#FFFFFF	930
4441	#FFFFFF	930
4442	#FFFFFF	217
4443	#FFFFFF	217
4444	#FFFFFF	217
4446	#FFFFFF	930
4447	#FFFFFF	930
4448	#FFFFFF	217
4449	#FFFFFF	217
4450	#FFFFFF	217
4451	#FFFFFF	217
4452	#FFFFFF	217
4453	#FFFFFF	217
4454	#FFFFFF	217
4455	#FFFFFF	930
4456	#FFFFFF	930
4457	#FFFFFF	930
4458	#FFFFFF	930
4459	#FFFFFF	930
4460	#FFFFFF	930
4461	#FFFFFF	930
4462	#FFFFFF	930
4463	#FFFFFF	930
4464	#FFFFFF	930
4465	#FFFFFF	930
4466	#FFFFFF	930
4467	#FFFFFF	930
4468	#FFFFFF	930
4469	#FFFFFF	217
4470	#FFFFFF	930
4471	#FFFFFF	930
4472	#FFFFFF	930
4473	#FFFFFF	930
4474	#FFFFFF	930
4475	#FFFFFF	930
4476	#FFFFFF	930
4477	#FFFFFF	930
4478	#FFFFFF	930
4479	#FFFFFF	930
4480	#FFFFFF	217
4481	#FFFFFF	930
4482	#FFFFFF	930
4483	#FFFFFF	930
4484	#FFFFFF	930
4485	#FFFFFF	930
4486	#FFFFFF	930
4487	#FFFFFF	930
4488	#FFFFFF	930
4489	#FFFFFF	930
4491	#FFFFFF	217
4492	#FFFFFF	930
4493	#FFFFFF	217
4494	#FFFFFF	217
4495	#FFFFFF	217
4496	#FFFFFF	506
4497	#FFFFFF	930
4498	#FFFFFF	930
4499	#FFFFFF	217
4500	#FFFFFF	217
4501	#FFFFFF	217
4502	#FFFFFF	217
4503	#FFFFFF	217
4504	#FFFFFF	217
4505	#FFFFFF	930
4506	#FFFFFF	930
4507	#FFFFFF	930
4508	#FFFFFF	930
4509	#FFFFFF	930
4510	#FFFFFF	930
4511	#FFFFFF	930
4512	#FFFFFF	930
4513	#FFFFFF	930
4514	#FFFFFF	930
4515	#FFFFFF	930
4516	#FFFFFF	930
4517	#FFFFFF	930
4518	#FFFFFF	930
4519	#FFFFFF	930
4520	#FFFFFF	217
4521	#FFFFFF	930
4522	#FFFFFF	930
4523	#FFFFFF	930
4524	#FFFFFF	930
4525	#FFFFFF	930
4526	#FFFFFF	930
4527	#FFFFFF	930
4528	#FFFFFF	930
4529	#FFFFFF	930
4530	#FFFFFF	930
4531	#FFFFFF	217
4532	#FFFFFF	930
4533	#FFFFFF	930
4534	#FFFFFF	930
4535	#FFFFFF	930
4536	#FFFFFF	930
4537	#FFFFFF	930
4538	#FFFFFF	930
4539	#FFFFFF	930
4540	#FFFFFF	930
4541	#FFFFFF	217
4542	#FFFFFF	930
4543	#FFFFFF	217
4544	#FFFFFF	217
4545	#FFFFFF	217
4547	#FFFFFF	930
4548	#FFFFFF	930
4549	#FFFFFF	930
4550	#FFFFFF	930
4551	#FFFFFF	930
4552	#FFFFFF	217
4553	#FFFFFF	930
4554	#FFFFFF	930
4555	#FFFFFF	217
4556	#FFFFFF	217
4557	#FFFFFF	217
4558	#FFFFFF	217
4559	#FFFFFF	930
4560	#FFFFFF	1461
4561	#FFFFFF	1461
4562	#FFFFFF	1461
4563	#FFFFFF	1461
4564	#FFFFFF	1461
4565	#FFFFFF	1461
4566	#FFFFFF	1461
4567	#FFFFFF	1461
4568	#FFFFFF	1461
4569	#FFFFFF	1461
4570	#FFFFFF	930
4571	#FFFFFF	1461
4572	#FFFFFF	217
4573	#FFFFFF	930
4574	#FFFFFF	930
4575	#FFFFFF	930
4576	#FFFFFF	930
4577	#FFFFFF	930
4578	#FFFFFF	930
4579	#FFFFFF	930
4580	#FFFFFF	930
4581	#FFFFFF	930
4582	#FFFFFF	930
4583	#FFFFFF	167
4584	#FFFFFF	167
4585	#FFFFFF	167
4586	#FFFFFF	167
4587	#FFFFFF	167
4588	#FFFFFF	167
4589	#FFFFFF	930
4590	#FFFFFF	167
4592	#FFFFFF	930
4593	#FFFFFF	217
4594	#FFFFFF	217
4595	#FFFFFF	217
4596	#FFFFFF	930
4597	#FFFFFF	930
4598	#FFFFFF	930
4599	#FFFFFF	930
4600	#FFFFFF	930
4601	#FFFFFF	930
4602	#FFFFFF	930
4603	#FFFFFF	217
4604	#FFFFFF	930
4605	#FFFFFF	217
4606	#FFFFFF	217
4607	#FFFFFF	217
4608	#FFFFFF	217
4609	#FFFFFF	217
4610	#FFFFFF	930
4611	#FFFFFF	1461
4612	#FFFFFF	1461
4613	#FFFFFF	1461
4614	#FFFFFF	1461
4615	#FFFFFF	1461
4616	#FFFFFF	1461
4617	#FFFFFF	1461
4618	#FFFFFF	1461
4619	#FFFFFF	1461
4620	#FFFFFF	1461
4621	#FFFFFF	930
4622	#FFFFFF	217
4623	#FFFFFF	217
4624	#FFFFFF	930
4625	#FFFFFF	930
4626	#FFFFFF	930
4627	#FFFFFF	930
4628	#FFFFFF	930
4629	#FFFFFF	930
4630	#FFFFFF	930
4631	#FFFFFF	930
4632	#FFFFFF	930
4633	#FFFFFF	930
4634	#FFFFFF	167
4635	#FFFFFF	167
4636	#FFFFFF	167
4637	#FFFFFF	167
4638	#FFFFFF	167
4639	#FFFFFF	930
4640	#FFFFFF	167
4641	#FFFFFF	167
4642	#FFFFFF	930
4643	#FFFFFF	930
4644	#FFFFFF	930
4645	#FFFFFF	217
4646	#FFFFFF	930
4648	#FFFFFF	930
4649	#FFFFFF	930
4650	#FFFFFF	930
4651	#FFFFFF	217
4652	#FFFFFF	930
4653	#FFFFFF	217
4654	#FFFFFF	217
4655	#FFFFFF	217
4656	#FFFFFF	217
4657	#FFFFFF	217
4658	#FFFFFF	217
4659	#FFFFFF	1461
4660	#FFFFFF	930
4661	#FFFFFF	1461
4662	#FFFFFF	1461
4663	#FFFFFF	1461
4664	#FFFFFF	1461
4665	#FFFFFF	1461
4666	#FFFFFF	1461
4667	#FFFFFF	1461
4668	#FFFFFF	1461
4669	#FFFFFF	1461
4670	#FFFFFF	1461
4671	#FFFFFF	930
4672	#FFFFFF	1461
4673	#FFFFFF	217
4674	#FFFFFF	217
4675	#FFFFFF	930
4676	#FFFFFF	930
4677	#FFFFFF	930
4678	#FFFFFF	930
4679	#FFFFFF	930
4680	#FFFFFF	930
4681	#FFFFFF	930
4682	#FFFFFF	930
4683	#FFFFFF	930
4684	#FFFFFF	930
4685	#FFFFFF	930
4686	#FFFFFF	167
4687	#FFFFFF	167
4688	#FFFFFF	167
4689	#FFFFFF	167
4690	#FFFFFF	930
4691	#FFFFFF	167
4693	#FFFFFF	930
4694	#FFFFFF	930
4695	#FFFFFF	930
4696	#FFFFFF	217
4697	#FFFFFF	930
4698	#FFFFFF	930
4699	#FFFFFF	930
4700	#FFFFFF	930
4701	#FFFFFF	930
4702	#FFFFFF	217
4703	#FFFFFF	217
4704	#FFFFFF	217
4705	#FFFFFF	217
4706	#FFFFFF	217
4707	#FFFFFF	217
4708	#FFFFFF	217
4709	#FFFFFF	1461
4710	#FFFFFF	1461
4711	#FFFFFF	930
4712	#FFFFFF	217
4713	#FFFFFF	1461
4714	#FFFFFF	1461
4715	#FFFFFF	1461
4716	#FFFFFF	1461
4717	#FFFFFF	1461
4718	#FFFFFF	1461
4719	#FFFFFF	1461
4720	#FFFFFF	1461
4721	#FFFFFF	1461
4722	#FFFFFF	930
4723	#FFFFFF	1461
4724	#FFFFFF	217
4725	#FFFFFF	930
4726	#FFFFFF	930
4727	#FFFFFF	930
4728	#FFFFFF	930
4729	#FFFFFF	930
4730	#FFFFFF	930
4731	#FFFFFF	930
4732	#FFFFFF	930
4733	#FFFFFF	930
4734	#FFFFFF	930
4735	#FFFFFF	930
4736	#FFFFFF	930
4737	#FFFFFF	167
4738	#FFFFFF	167
4739	#FFFFFF	167
4740	#FFFFFF	167
4741	#FFFFFF	930
4742	#FFFFFF	167
4743	#FFFFFF	930
4744	#FFFFFF	930
4745	#FFFFFF	930
4746	#FFFFFF	930
4747	#FFFFFF	930
4749	#FFFFFF	930
4750	#FFFFFF	930
4751	#FFFFFF	930
4752	#FFFFFF	217
4753	#FFFFFF	217
4754	#FFFFFF	217
4755	#FFFFFF	217
4756	#FFFFFF	217
4757	#FFFFFF	217
4758	#FFFFFF	217
4759	#FFFFFF	217
4760	#FFFFFF	217
4761	#FFFFFF	930
4762	#FFFFFF	217
4763	#FFFFFF	1461
4764	#FFFFFF	1461
4765	#FFFFFF	1461
4766	#FFFFFF	1461
4767	#FFFFFF	1461
4768	#FFFFFF	1461
4769	#FFFFFF	1461
4770	#FFFFFF	1461
4771	#FFFFFF	1461
4772	#FFFFFF	930
4773	#FFFFFF	1461
4774	#FFFFFF	217
4775	#FFFFFF	217
4776	#FFFFFF	930
4777	#FFFFFF	930
4778	#FFFFFF	930
4779	#FFFFFF	930
4780	#FFFFFF	930
4781	#FFFFFF	930
4782	#FFFFFF	930
4783	#FFFFFF	930
4784	#FFFFFF	930
4785	#FFFFFF	930
4786	#FFFFFF	930
4787	#FFFFFF	930
4788	#FFFFFF	167
4789	#FFFFFF	167
4790	#FFFFFF	167
4791	#FFFFFF	167
4792	#FFFFFF	930
4794	#FFFFFF	930
4795	#FFFFFF	930
4796	#FFFFFF	930
4797	#FFFFFF	930
4798	#FFFFFF	930
4799	#FFFFFF	930
4800	#FFFFFF	930
4801	#FFFFFF	930
4802	#FFFFFF	930
4803	#FFFFFF	930
4804	#FFFFFF	217
4805	#FFFFFF	217
4806	#FFFFFF	217
4807	#FFFFFF	217
4808	#FFFFFF	217
4809	#FFFFFF	217
4810	#FFFFFF	217
4811	#FFFFFF	217
4812	#FFFFFF	930
4813	#FFFFFF	1461
4814	#FFFFFF	1461
4815	#FFFFFF	1461
4816	#FFFFFF	1461
4817	#FFFFFF	1461
4818	#FFFFFF	1461
4819	#FFFFFF	1461
4820	#FFFFFF	1461
4821	#FFFFFF	217
4822	#FFFFFF	1461
4823	#FFFFFF	930
4824	#FFFFFF	1461
4825	#FFFFFF	217
4826	#FFFFFF	930
4827	#FFFFFF	930
4828	#FFFFFF	930
4829	#FFFFFF	930
4830	#FFFFFF	930
4831	#FFFFFF	930
4832	#FFFFFF	930
4833	#FFFFFF	930
4834	#FFFFFF	930
4835	#FFFFFF	930
4836	#FFFFFF	930
4837	#FFFFFF	930
4838	#FFFFFF	930
4839	#FFFFFF	167
4840	#FFFFFF	167
4841	#FFFFFF	167
4842	#FFFFFF	167
4843	#FFFFFF	167
4844	#FFFFFF	930
4845	#FFFFFF	930
4846	#FFFFFF	930
4847	#FFFFFF	930
4848	#FFFFFF	930
4850	#FFFFFF	930
4851	#FFFFFF	930
4852	#FFFFFF	930
4853	#FFFFFF	930
4854	#FFFFFF	930
4855	#FFFFFF	930
4856	#FFFFFF	930
4857	#FFFFFF	217
4858	#FFFFFF	217
4859	#FFFFFF	217
4860	#FFFFFF	217
4861	#FFFFFF	217
4862	#FFFFFF	930
4863	#FFFFFF	217
4864	#FFFFFF	1461
4865	#FFFFFF	1461
4866	#FFFFFF	1461
4867	#FFFFFF	1461
4868	#FFFFFF	1461
4869	#FFFFFF	1461
4870	#FFFFFF	1461
4871	#FFFFFF	1461
4872	#FFFFFF	217
4873	#FFFFFF	930
4874	#FFFFFF	217
4875	#FFFFFF	217
4876	#FFFFFF	217
4877	#FFFFFF	217
4878	#FFFFFF	930
4879	#FFFFFF	930
4880	#FFFFFF	930
4881	#FFFFFF	930
4882	#FFFFFF	930
4883	#FFFFFF	930
4884	#FFFFFF	930
4885	#FFFFFF	930
4886	#FFFFFF	930
4887	#FFFFFF	930
4888	#FFFFFF	930
4889	#FFFFFF	930
4890	#FFFFFF	930
4891	#FFFFFF	930
4892	#FFFFFF	167
4893	#FFFFFF	167
4895	#FFFFFF	930
4896	#FFFFFF	930
4897	#FFFFFF	930
4898	#FFFFFF	930
4899	#FFFFFF	930
4900	#FFFFFF	930
4901	#FFFFFF	930
4902	#FFFFFF	930
4903	#FFFFFF	930
4904	#FFFFFF	930
4905	#FFFFFF	930
4906	#FFFFFF	930
4907	#FFFFFF	930
4908	#FFFFFF	930
4909	#FFFFFF	217
4910	#FFFFFF	217
4911	#FFFFFF	217
4912	#FFFFFF	217
4913	#FFFFFF	930
4914	#FFFFFF	1461
4915	#FFFFFF	1461
4916	#FFFFFF	1461
4917	#FFFFFF	1461
4918	#FFFFFF	1461
4919	#FFFFFF	1461
4920	#FFFFFF	1461
4921	#FFFFFF	1461
4922	#FFFFFF	217
4923	#FFFFFF	217
4924	#FFFFFF	930
4925	#FFFFFF	217
4926	#FFFFFF	930
4927	#FFFFFF	217
4928	#FFFFFF	930
4929	#FFFFFF	930
4930	#FFFFFF	930
4931	#FFFFFF	930
4932	#FFFFFF	930
4933	#FFFFFF	930
4934	#FFFFFF	930
4935	#FFFFFF	930
4936	#FFFFFF	930
4937	#FFFFFF	930
4938	#FFFFFF	930
4939	#FFFFFF	930
4940	#FFFFFF	930
4941	#FFFFFF	930
4942	#FFFFFF	167
4943	#FFFFFF	167
4944	#FFFFFF	167
4945	#FFFFFF	930
4946	#FFFFFF	930
4947	#FFFFFF	930
4948	#FFFFFF	930
4949	#FFFFFF	930
4951	#FFFFFF	930
4952	#FFFFFF	930
4953	#FFFFFF	930
4954	#FFFFFF	930
4955	#FFFFFF	930
4956	#FFFFFF	930
4957	#FFFFFF	217
4958	#FFFFFF	930
4959	#FFFFFF	930
4960	#FFFFFF	217
4961	#FFFFFF	217
4962	#FFFFFF	1461
4963	#FFFFFF	930
4964	#FFFFFF	1461
4965	#FFFFFF	1461
4966	#FFFFFF	1461
4967	#FFFFFF	1461
4968	#FFFFFF	1461
4969	#FFFFFF	1461
4970	#FFFFFF	1461
4971	#FFFFFF	1461
4972	#FFFFFF	1461
4973	#FFFFFF	217
4974	#FFFFFF	930
4975	#FFFFFF	930
4976	#FFFFFF	930
4977	#FFFFFF	930
4978	#FFFFFF	930
4979	#FFFFFF	930
4980	#FFFFFF	930
4981	#FFFFFF	930
4982	#FFFFFF	930
4983	#FFFFFF	930
4984	#FFFFFF	930
4985	#FFFFFF	930
4986	#FFFFFF	930
4987	#FFFFFF	930
4988	#FFFFFF	930
4989	#FFFFFF	930
4990	#FFFFFF	930
4991	#FFFFFF	930
4992	#FFFFFF	167
4993	#FFFFFF	167
4994	#FFFFFF	167
4996	#FFFFFF	930
4997	#FFFFFF	930
4998	#FFFFFF	930
4999	#FFFFFF	930
5000	#FFFFFF	930
5001	#FFFFFF	930
5002	#FFFFFF	930
5003	#FFFFFF	930
5004	#FFFFFF	930
5005	#FFFFFF	930
5006	#FFFFFF	930
5007	#FFFFFF	217
5008	#FFFFFF	217
5009	#FFFFFF	930
5010	#FFFFFF	217
5011	#FFFFFF	217
5012	#FFFFFF	217
5013	#FFFFFF	1461
5014	#FFFFFF	930
5015	#FFFFFF	1461
5016	#FFFFFF	1461
5017	#FFFFFF	1461
5018	#FFFFFF	1461
5019	#FFFFFF	1461
5020	#FFFFFF	1461
5021	#FFFFFF	1461
5022	#FFFFFF	1461
5023	#FFFFFF	1461
5024	#FFFFFF	217
5025	#FFFFFF	930
5026	#FFFFFF	930
5027	#FFFFFF	930
5028	#FFFFFF	930
5029	#FFFFFF	930
5030	#FFFFFF	930
5031	#FFFFFF	930
5032	#FFFFFF	930
5033	#FFFFFF	930
5034	#FFFFFF	930
5035	#FFFFFF	930
5036	#FFFFFF	930
5037	#FFFFFF	930
5038	#FFFFFF	930
5039	#FFFFFF	930
5040	#FFFFFF	930
5041	#FFFFFF	930
5042	#FFFFFF	930
5043	#FFFFFF	167
5044	#FFFFFF	167
5045	#FFFFFF	167
5046	#FFFFFF	930
5047	#FFFFFF	930
5048	#FFFFFF	930
5049	#FFFFFF	930
5050	#FFFFFF	930
5052	#FFFFFF	930
5053	#FFFFFF	930
5054	#FFFFFF	930
5055	#FFFFFF	930
5056	#FFFFFF	930
5057	#FFFFFF	930
5058	#FFFFFF	930
5059	#FFFFFF	217
5060	#FFFFFF	217
5061	#FFFFFF	217
5062	#FFFFFF	217
5063	#FFFFFF	1461
5064	#FFFFFF	930
5065	#FFFFFF	1461
5066	#FFFFFF	1461
5067	#FFFFFF	1461
5068	#FFFFFF	1461
5069	#FFFFFF	1461
5070	#FFFFFF	1461
5071	#FFFFFF	1461
5072	#FFFFFF	217
5073	#FFFFFF	1461
5074	#FFFFFF	217
5075	#FFFFFF	930
5076	#FFFFFF	930
5077	#FFFFFF	930
5078	#FFFFFF	930
5079	#FFFFFF	930
5080	#FFFFFF	930
5081	#FFFFFF	930
5082	#FFFFFF	930
5083	#FFFFFF	930
5084	#FFFFFF	930
5085	#FFFFFF	930
5086	#FFFFFF	930
5087	#FFFFFF	930
5088	#FFFFFF	930
5089	#FFFFFF	930
5090	#FFFFFF	930
5091	#FFFFFF	930
5092	#FFFFFF	930
5093	#FFFFFF	930
5094	#FFFFFF	167
5095	#FFFFFF	167
5097	#FFFFFF	930
5098	#FFFFFF	930
5099	#FFFFFF	930
5100	#FFFFFF	930
5101	#FFFFFF	930
