x	y
-0.540547418104109	0.375255527912979
-0.550490959448295	0.243397401797926
-1.88675989886483	0.899582632974469
-1.08272221784884	0.634808678691925
-0.652283801530724	0.326560485661402
-1.9418082241736	1.36799856255675
-0.726614246695069	0.39166600328972
-0.360646742845137	0.204647650281014
-1.19083179293875	0.755647779081995
-1.52535631759727	0.890045414196238
1.08125654329012	0.698030718060369
0.485960473052197	0.277833117101002
-0.539413641530611	0.242948279702065
-1.60829082176802	0.963662480086351
-1.1983344375911	0.604948145139572
-1.62625308892183	0.679429730160768
-3.09183480000513	1.07302576822624
-0.617847523110752	0.223844997088774
-0.783424177070413	0.313625406420073
-1.09546322634996	0.678177668799917
-1.89701671545577	0.903788745418966
-3.32112060479918	1.21020607655163
0.747433875359793	0.222937106239901
-0.52427974030057	0.136106393131316
-1.46095455551434	0.580997184039725
-0.835544826459878	0.252839292643732
-1.63656272743436	0.662298502542154
-0.653781791284865	0.290821912415725
-0.416696220116375	0.220515849260283
-0.634337260872414	0.241994380044998
-0.900165540897345	0.484817915085926
-0.664345964703699	0.323171179425584
-4.09986797387282	1.86747351239895
0.125040523037699	0.0490659766715752
-1.17809197712334	0.736512375541615
-0.544176230725036	0.240181676273942
1.01941432746594	0.532387650675483
-0.512267505738424	0.255046936667649
-1.28425901874629	0.474855091321997
-0.229819459699791	0.0713436708638103
-1.29290169114264	0.478388857584729
0.256583449106176	0.126799102080747
-0.404837167671421	0.191172325092069
0.324403762331451	0.0958764708145592
-1.46828152191324	0.573270715895252
-0.809958562942151	0.325010855241918
-0.666300511543625	0.309744777036528
-0.292532754272871	0.127407074863508
-0.256252896030242	0.0972496176683072
-0.801802917412478	0.323372553420581
-1.41679097658852	0.752175081969937
0.29018057572475	0.127863006786512
0.132698416495067	0.0575453601301042
-0.11993745839474	0.0514783405909802
0.961331461203146	0.429329962937088
0.540382915263967	0.274837116060141
-0.927297110692474	0.466416785702598
-1.07145566732386	0.512390143397834
0.286343258555748	0.116735453577996
-1.62649237441874	0.696458443256091
-0.78894344069201	0.376954291212417
-2.91486013011956	2.19396349761485
-0.778540694605314	0.393250945564129
-0.28337281023392	0.121743648585755
-0.302232631335976	0.133074296971136
-2.24532442057435	1.21691623433656
-1.62345061809126	0.955266719914252
0.972495933206444	0.431023017532011
-3.53624599965393	1.23277632619131
0.517195454364715	0.374257876942493
-2.92129176093276	2.11793949052457
-4.09708776535062	1.90691716453567
-2.77038481859606	1.96368904087303
-0.469284210111455	0.275324074468674
-1.11608216993108	0.917615144387713
-0.597107490746489	0.311528001570435
-0.451856984528304	0.153719789107371
-0.670485971644439	0.324354652370261
-1.62668535065091	0.671007013835496
-1.7615802496647	0.784370608566685
-1.77728555730859	1.50361622346771
0.0901219322917741	0.0299911170118929
-0.0240542003323845	0.00893945597527737
-3.1090648940556	2.25759851926108
0.485871421990791	0.205123746080416
-0.506222991539005	0.26042729986606
-0.778540694605314	0.393250945564129
-0.944502253540707	0.398325908487516
-0.935939682823681	0.403531047598136
-3.10447167066501	1.05661139143271
-0.52427974030057	0.136106393131316
-0.926727486748339	0.400516412914575
0.0123436296170815	0.00341524440635948
-3.97077929973703	1.73122640981802
-0.265032473415067	0.0992223758805192
-1.06004428483739	0.477432193913025
-1.75708153552604	0.793068370113705
-0.582972503554867	0.23633677931814
-1.29736606373132	0.456162930702034
-1.3146904232513	0.668069155146245
-1.46427595604439	0.57697885771139
0.0932223782093277	0.0313532921626955
-3.50845296259871	1.37767035504347
-0.674073940279051	0.322876040654599
-1.09340675546078	0.365263131667136
-0.790649947335911	0.322904544391737
-1.19129087935461	0.58068551443205
-0.0188862554430459	0.00726891055889886
-0.796791224549748	0.317408099177244
-2.6077154599902	1.70802845608917
-0.967623141034974	0.380965876290362
-1.8884949882054	1.2408641338162
-0.778576566435081	0.369102636711518
-0.91196047317963	0.756410572471717
-0.670985266096001	0.304305068669085
-0.940135845559092	0.389012733404866
-2.32886691352325	1.35865471584092
-1.05854216348245	0.479913949357182
0.543742707790352	0.287787097880166
-0.328774332475959	0.163518997776047
-1.3129186736208	0.705460041160683
-1.29035406233465	0.462520061430364
-0.518136352511995	0.265722915136964
-1.89313408079209	0.898954618073141
-0.418582032076525	0.194102822327913
-1.46450798665349	0.575571060293547
-1.36004635183091	0.908736021012976
-2.51512935395248	1.5971057926859
-1.01292712577819	0.588912502000024
-1.76832753525401	0.786339276349453
-0.530441565236403	0.138655344135078
-0.545107489389756	0.244831541907989
-0.798424891227564	0.398981561336846
-1.28686787327505	0.471151862954024
-3.32001561112394	1.2286468506821
-3.09965171459907	1.06948551034403
-3.83202912311112	1.63763004661274
-0.957837248459317	0.411700353610719
-1.70768686094613	1.13221858036416
-0.789518088114086	0.321225627774288
-0.668016538036696	0.301882883715684
-0.81504221380011	0.413560710099966
-1.51785387451615	0.880252044631396
-0.933417248051596	0.414517667289299
-0.627338353373023	0.238337715146027
-0.397345538869178	0.160950088563549
-1.55970595337718	1.18228648101172
-1.01321734035467	0.553193906620436
-1.07623377496826	0.363444231148948
0.450181534418977	0.206992554336408
-0.980094862450631	0.519624143025141
-0.909308673170081	0.481253610830265
-1.29031071965297	0.471244509692648
-0.515755532229777	0.265377501496892
-0.570399505061925	0.241172736956447
0.130133710220204	0.0514915573149021
0.849015263358376	0.702015300100285
-1.27948978848226	0.465867855603237
-0.167565986421916	0.0863153904449024
-1.41600305694788	0.793783197647144
-1.16818399217482	1.02874270921865
-0.669407373429293	0.311553751817519
-0.0974367576511081	0.0342471371521949
-1.01421897875236	1.06758677887544
-1.62176236543499	0.689619267245939
0.147879513816253	0.0764956508821878
-0.286869351968635	0.129701940891513
-1.89241726765782	0.899959789335909
-4.20368727444785	2.03100230057622
-1.5213606131519	0.861304974420441
0.143384198140792	0.0620434189642704
0.149814086191393	0.0635307889717002
-0.395705017143053	0.258362689791694
-0.364701015270654	0.212145545211385
0.263962645857648	0.181078199733412
-1.08721966018975	0.664731884979693
-1.55997946826293	1.95340957250744
-0.84087809503767	0.640476235649176
0.0225639040791052	0.00945134119551013
-3.52661827493468	1.3385200848475
-0.734259972680111	0.61504912535904
-1.03921619661089	0.819023035003916
-2.12760906065212	1.11647228613036
-1.77270007380096	0.804385496877914
-1.19367092803005	0.768160978120624
-1.01153060494098	0.566442403598663
-1.61641062678876	0.677783142096244
-0.519428679027332	0.258799617914372
-3.10133483872437	2.63773440867626
-0.673448698355191	0.496822247419451
-0.585999209958726	0.491808625741623
-0.772547720896168	0.751217238207246
-1.58371953422062	1.24613349803536
-1.43478928893375	0.798148475454438
-2.34259759074612	1.36226445897171
-1.61144525710837	0.667911252717994
-1.62208854557427	0.687770927901318
-0.393913838166494	0.162035786214373
-1.06603496950627	0.501479004729835
-0.791528555665156	0.319096467653083
1.51100234061418	1.06471938079002
1.62805302819289	1.86855489526744
1.06742260769786	0.932074484003653
0.909749687057497	0.590161388069631
-0.132665516568625	0.0962447273383312
-0.703658400662739	0.450287856246942
-1.45306061952811	0.565484109316976
-1.89651590408468	0.902512129828045
-1.76425543193365	0.796614577849308
-1.91002999094441	0.920332175037591
-0.890616308829826	0.561511459289673
-0.832884030316045	0.249681598941155
-1.27958916113478	0.872485751948974
-0.826475699959207	0.556234849226632
-0.81126936369481	0.472063707779102
-1.51015792730062	1.14824943451959
1.63243220807498	1.34497462704567
-1.14043618847022	0.95615738967804
-0.816559747808939	0.518395149238385
-0.941192237429102	0.394236688787413
-3.50845296259871	1.37767035504347
-2.00998008085954	1.5415662007339
-2.1441708295575	1.06995107750692
-2.23258036030479	1.24674342417457
-1.2817081583672	0.870554540042068
-0.96098187073677	0.411823785155624
-1.03528064502745	0.569169866436584
-2.51886847592306	1.61624557722947
-0.0271738408083779	0.0103108616287994
-0.518274572329709	0.258324995024355
-0.374839472295008	0.209200383866093
-1.11902101837987	0.956002333710958
-1.6293109591529	1.01063956130881
-0.0845812967923064	0.029041231936028
-0.137893869917268	0.0853770547429412
-3.83807769141209	1.63288479578917
-0.730147108216768	0.550369768637022
-1.1249646058806	0.793979080008259
-0.153626622002177	0.0955293511279287
-0.311048260873752	0.137634633105427
-0.553505897160657	0.398294633802209
-2.52004980129636	1.59450662545258
-0.426129040847857	0.254744628704019
-0.785070026214952	0.397974258379755
-0.509428218627158	0.260606950542762
-0.916588869219373	0.82782412516515
-0.258285572025898	0.135912136937164
-1.61388663419543	1.01791306160095
-1.69343338991432	1.10580197339035
-4.49909938221833	2.37784911888931
-0.944404418639346	0.879089688449211
0.436737042505573	0.321204006579721
-0.213058130942319	0.1616355427703
-0.517234749691927	0.296374917957279
-1.22923938794435	1.0546208454744
-0.876888719400013	0.596678190760322
0.0974573292959245	0.0324686122361661
-0.413176651758546	0.219110942922407
-0.31585434416358	0.243181099157996
-1.61789052613153	0.93434238437701
-1.75287295284929	0.776127171324213
-0.810750216150944	0.488451306252229
-1.18229737969994	0.760810160693828
-0.922777874773351	0.399639276239487
-0.795734163510306	0.329679680447072
-4.21569065460359	1.99779228442361
-2.34621606716137	1.35951008895307
-3.67542911223521	1.5080288603743
-1.18974316848716	1.43102282115709
-1.03531850636345	1.12015173151172
-1.25942105662026	1.82855780027006
-0.740414623555636	0.574078826200828
-1.48675915441513	1.09911570666596
-0.860948687291595	0.697753976783764
-0.664566233706113	0.313668452870919
-1.00763650421592	0.577339527444355
0.742729357056634	0.693090984012798
0.859222890685087	0.484180583318624
-0.983003651065212	0.542655721848633
-0.420926646374847	0.223512944413122
-1.20243782478021	0.580627109709757
-1.52370872251385	0.909744076837467
0.111354456857043	0.0435994101455831
0.133150657011602	0.0584313718467715
-4.11411356096443	1.85557301641816
-0.480786584110185	0.420331648706964
-1.47810111002707	1.9222038915829
-1.78005187097341	2.13734178753824
-0.756721095168718	0.763272385527512
-0.976897877020894	0.916260969304306
-0.212472374181876	0.102216896647162
-1.29031071965297	0.471244509692648
-2.40326841865912	2.28567519495688
-0.561786096339103	0.435671227093008
-1.3104398677835	0.675163487196644
0.0198157346673563	0.00819113219261294
-1.0664240165841	0.500734223252301
-0.902171619555761	0.561171623199426
-1.08867987588058	0.669912054498107
-1.27729466356212	0.463367747774768
-1.21179585596251	0.756849998812294
-1.78171636771203	1.18917062749811
-4.42096311006534	2.24002198507888
-1.05198039078804	0.847660972139308
-1.52453254578375	1.41940872594075
-1.58931053707005	1.7269243408984
-0.811371031445525	1.0142805619035
-1.38985986019552	1.91280237552816
-2.5434399984152	3.17427849363783
-0.601569913232855	0.367714375523776
-1.06438649328859	0.484931164393183
-1.02925314686368	1.02854849270769
-2.64963995685578	3.59020632418382
-0.67498628652951	0.324359792367114
0.0148454011867552	0.00618267005375458
-0.119700888555442	0.0537537283750934
-1.31229561147961	0.705910583962627
-2.12104479278911	1.10944564298767
-1.18367919382023	0.592069415436479
-1.2814962411484	0.472913125289254
-0.606407873215085	0.330359209355789
-4.29912584153574	2.097973159591
-2.16126045161814	1.80540249973765
-1.27858070623691	0.845358679476374
-0.596859701368305	0.363303762692209
-1.84919504474803	2.18685974370287
-0.403120930193069	0.340083001844702
-1.67885408114425	3.17525264035392
-2.11321254331438	1.67274728619764
-1.82340830591181	1.61156796053441
-0.990153173889719	0.556528441245073
-0.158070889372093	0.0797229483619163
-1.07896292399086	0.877827141647159
-0.417717050671949	0.317993926015423
-1.01622981816498	0.652508707770315
-1.07597459657912	0.507312881979007
-1.32147376429848	0.715914312534954
-4.59984013902314	2.55258307720665
-0.411209211894883	0.167772037937405
-1.10401703551324	0.674897101530675
-1.41715831121282	0.800754520508174
-1.7826156638492	1.18764813963939
-0.646302916517707	0.555262644867013
-0.289657521995029	0.219842562909283
-0.287116929642394	0.187473638362228
-1.8742032446765	3.08368194832243
-0.963253384816337	0.81198634240981
-0.367828233709677	0.236097732792624
-0.831456677181483	0.663834993585178
-2.07236538775344	1.61522405638179
-0.0440260601167575	0.023142084869184
-2.65232346517756	2.72779140715788
-1.88855317620535	0.886407979078181
0.444394820272976	0.213692488600043
-0.299210480693705	0.134531267705151
-1.53633394243696	0.910466576779609
-0.0101207345443427	0.00425675707143595
-0.760082625934556	0.532724503748054
-1.55968193295179	1.18953066995189
0.425760585806688	0.257789196671979
-1.04008064930932	0.724498159405483
-0.927722283766016	0.517605655312333
-2.5129103940963	1.60629694944804
-0.987326806182156	0.636408400501789
-0.59902194305819	0.372426803658541
-0.185059602199951	0.0938010154674926
-0.613166259147384	0.474425402885963
-0.827832620898825	0.746640156906565
-0.79889927513737	0.72291824141285
-1.28040315215105	1.33799615113925
-0.259676849193742	0.189552387043356
-1.38158517110837	0.937832128813336
-0.773247279335233	0.384344452309167
0.68977893078799	0.491276945703363
0.498885336095403	0.470348195259347
-0.52299088728466	0.272671428866466
0.0330820604154299	0.014908160646415
0.564961115086865	0.2053681329173
-4.20913823653273	2.02728484847108
-0.179787965440809	0.0891873865612517
-1.82924397993718	1.71675347318318
-0.589446584284516	0.355171960112066
-1.00974843139253	0.592220122379125
-0.304172999836642	0.220081947573569
-0.802303213399168	0.475814353641305
-1.51914935979343	1.1630894907692
-2.15958431802283	1.82506853068362
-0.79180581449578	0.589862249157612
-0.420364861165396	0.302293826261652
-0.315371458897955	0.200002170680769
0.217672700399691	0.122970608472428
-0.448012378140803	0.300546339317513
-0.934718966249279	0.410013361817652
-0.807119063732523	0.866330042031874
-1.22909018508585	0.886270591263517
-0.616381366342729	0.336329653691482
-2.02007839756817	1.53224913383464
-2.09971711558883	1.67721591831566
-1.18595282501883	0.573740469901064
-1.18508011350466	0.749804251633803
-1.69773756004842	1.11861366521984
-1.4035683820608	0.758406597155822
-0.679004645495393	0.570133049925132
-1.79128552231443	1.2322166970703
-1.5093688195027	0.861085189660086
-1.86612422443856	1.33379302897769
-0.152141261413502	0.0751866176960532
-0.125948481722714	0.0517570461045533
-0.660495792345988	0.475052811323318
-0.16093194395737	0.104068193262168
-0.327439121745929	0.192709480997419
0.0433076450839063	0.0266729713953353
-0.429444471778661	0.254704694598947
0.0470716873981799	0.0209880296148991
-1.07560432584591	0.506373981696817
-1.93820230904952	1.87333783489958
-1.42116596789949	1.02226041708889
-0.887951105405331	0.80322792710329
-2.57463162593538	3.37911264266412
-1.41959601236118	1.22556422485645
-1.8887227576167	0.878854728941488
-2.49231208841664	0.741884845199983
-0.163946853539593	0.0680635172508598
-1.40453964483755	1.00008638082317
-0.734824176175587	0.417595225087859
0.478690229304387	0.279951695830444
-1.89157698815706	1.2826510513496
-2.21966650522014	2.56276971496057
-2.59037268380113	1.69403831466729
-1.09365992448852	0.666805564331219
-0.372481378135051	0.253302370447341
-1.43213424326922	0.998858612199017
-0.482076692975405	0.267813556180324
-1.97211234815317	1.37068582408917
0.0391534038994495	0.0171137864663449
-0.812378004983527	0.408107762111325
-1.76898618122778	1.84170570460555
-1.3595946149901	0.945052376574307
-1.07870097281678	0.366219315775194
-0.260032534562035	0.0968214021352907
-3.08962908394606	1.04057543600083
